Name;Date;Amount;Category;Notes
jack cummerata;2/6/2023;6664,90;OFFICE;peior auxilium vulgivagus adfero vinco suasoria terra xiphias laborum talio.
Stephen Rodriguez IV;2023-05-06;8361,26; Food ;SPECTACULUM EX VULTICULUS.
Claude Shanahan DVM;2023-08-16;9280.99;HEALTH; ocer sequi socius pax vitium numquam accommodo benigne eius. 
  Mack Mayer  ;2023-09-07;5978,24;Other;DENUNCIO CIVIS STRENUUS TUMULTUS ODIT VOVEO ADDUCO VINCULUM ALIQUA CAUTE.
  dixie schultz  ;2023-05-28;3810.29;Health;TEGO AETAS AUT ANTEPONO A CICUTA ACCENDO ODIT TURBO ALTER.
  MR. LIONEL STARK  ;20/2/2023;2680.50;Travel;Impedit bellum bellum aveho.
Cornelius Abernathy;2023-05-09;2637.34; Health ;CINIS UNDE BIS VIRIDIS ACCUSATOR.
Darrell Mosciski;2023-03-15; 3005.95 ;office; sollers sol concido talus delectus. 
Chris Rogahn;10/3/2023;536.43; OFFICE ;Suggero spectaculum arcus numquam.
Benny Hand V;2023-05-28;2083.77;Office;Depulso comedo calco utpote.
JERRY SCHULIST;10-3-2023;9327.85;Office;CREBER CERVUS PAUCI ABSQUE LIBERO QUOS FUGA INCIDUNT.
Bradford Wuckert;8-18-2023;3570,54;Office;Solitudo clam fugit bellicus velum copia acsi.
Maryann Rogahn;7-30-2023;3250.37; travel ;Deprecator demoror arguo acies corrupti.
NOAH HAUCK JR.;29/7/2023; 2098.00 ;Other; consectetur ipsa minus basium verecundia curia degusto. 
  ms. beatrice christiansen  ;11-6-2023;3853.38;Other; Nam centum quasi quam adopto depereo aequus suus. 
Bernice Towne;2023-07-20;7368.82;food;Tantum animus virgo.
  Randolph Feil  ;18/10/2023;9254.61;travel;vergo arx demulceo vehemens tenuis caecus.
Gilbert Nikolaus;2023-10-13;7457.65;Food; Totidem compello vomito corpus surgo adduco arceo vilitas. 
MS. BESSIE SCHOWALTER;2023-02-20;8055.95;office;Pauper angelus sollicito.
cristina spinka;20/4/2023;90.27;Office; ager pauper substantia volo audacia. 
MAY HARVEY;9-20-2023;5259.58;HEALTH;Truculenter voro enim strenuus urbanus curatio cras.
Miss Estelle Carroll;4-16-2023; 7211,96 ;FOOD;COGITO SPARGO ANIMADVERTO CONSUASOR UXOR CONGREGATIO DEMERGO NULLA.
Johanna Sauer;4-5-2023; 4775,87 ;Travel;Adaugeo usitas terebro.
Ryan Jast;4-14-2023;8234.11; office ;Audacia damno dedecor cum testimonium spiritus conatus eos cursim.
  jody collins  ;14/11/2023;7557.60;health;Ambulo campana sunt demonstro calculus abeo peior cultura crustulum.
Melanie Ortiz-Ritchie;27/8/2023; 4650,68 ; FOOD ;Cometes tener blanditiis cupiditate defetiscor creator corroboro.
KURT ABBOTT;2023-08-24;9978.05;Office;Vos undique audio creo adulescens atrox sapiente cubo victoria cupiditas.
Jeremiah Reichel;2023-08-10;7392,06; Food ;QUASI CUR SURSUM AVARITIA CATERVA ANSER PECTO SUBIUNGO.
Troy Armstrong;12/12/2023;7522.97;health;Copiose caecus voluptatem copia tego amet accendo tribuo adsidue repellat.
gwen ebert;2023-09-24;6088,08;Office; colligo ustilo combibo substantia terreo somnus. 
  willie yost  ;8/4/2023;9988.92;Travel;natus defaeco tabernus subvenio blandior comprehendo voluntarius eligendi.
Albert Johnson;16/7/2023; 2446.53 ;Health; Tepidus derideo cursim sollicito defessus viduo crepusculum. 
Delores McGlynn;2023-10-11;5529,05;health;vacuus excepturi cognatus vester tredecim.
Terrance Kirlin;7-31-2023; 4867.33 ;food;Aggredior curriculum currus cetera spoliatio temeritas talio defessus.
Dr. Brandy Sawayn;6-2-2023;9777,27; Health ; Pauper comparo bos crepusculum summopere uredo theca. 
jamie altenwerth;1-18-2023;2261.31;TRAVEL; MAGNI CREBRO VITA TUNC CAPTO TRADO ARBITRO CONSERVO ADULESCENS. 
Tiffany Harris;2023-10-26;9708.08;Other;Vivo degero angustus volva vehemens depopulo amaritudo adsuesco enim ago.
  cecil prohaska  ;11-20-2023;7456.51;FOOD;Dapifer totam crastinus sint colligo maxime.
  DR. ALEX WUCKERT  ;2023-04-20; 2349.98 ;other;Administratio derelinquo quae cogito usus vesica beatus apostolus.
  Mrs. Edna Dickinson  ;7-21-2023;7490.03;Health;Trucido contra cuius xiphias.
austin medhurst;13/8/2023; 9010.47 ;Other;pecto aedificium textus derelinquo patior quia.
  Sherri Bahringer  ;5/5/2023;4769.86;Office;Alii volva statim.
Cora Vandervort;4-14-2023;8743.28;Office;Vulticulus cauda cuppedia subiungo decens totidem.
Russell Schaden;30/11/2023;1522,02;HEALTH;CAPTO TREDECIM TERO VORAX CAVEO ABEO COHIBEO.
Van Zieme;2/3/2023;609.48; Food ;Ducimus quas pel antepono aggero somniculosus.
Jeremy Hettinger V;8/8/2023;9069,33;Travel;Adsuesco tandem adipisci.
Salvador Predovic;10-28-2023;7852.56;Health; Natus sordeo ocer textilis. 
  Dallas Heathcote  ;24/10/2023;9710.61;Office;demonstro ars vado adhuc velum ter benevolentia.
  Lillie Barrows-Green  ;3/3/2023;2180.01; Travel ;Contra cerno caute calcar perferendis demulceo voluptatem apto advenio.
wm sporer;6-4-2023;1598.26;travel;TERGA AUDEO SOPHISMATA TEMPERANTIA CONFERO EIUS CONITOR ODIT MAGNAM.
eugene kulas ii;4-3-2023;4336,31;Travel; Compello annus peior torrens denuo sol cupio aiunt. 
Allison Mueller;2023-03-12;3260.45; Travel ;Abundans amor vicissitudo tristis.
Miss Julie Wehner-Mohr;2023-08-30;2862.99; FOOD ;Vergo statim vomica consequatur anser vomica stultus collum statim ventosus.
devin kemmer;10-11-2023; 3862.14 ;Travel;ADMIRATIO TONSOR AESTUS FUGIT COLLIGO.
MISS STACEY KUPHAL;7/3/2023; 1817.23 ; other ; Ambulo arguo quis sublime modi adsum carpo pecco. 
  Alton Kreiger I  ;2023-03-05;5099.99;Food;Coerceo adsidue cerno.
shane o'kon;11/11/2023; 2678.28 ;food;Veniam repudiandae eos atavus ustilo talus strues delectatio magnam.
Dennis Vandervort;2023-05-10;5898.05;office;Vulgaris utor iure amoveo volaticus constans carmen appono chirographum.
ELSIE GLEASON;8-10-2023;1343.62; Travel ;Urbs summopere cursim accedo textor.
Michael Grimes;6/1/2023;5977.60; Health ;Vapulus textus cribro.
Penny Simonis;6-7-2023;3348.81;food;Sursum super carus vitiosus adeptio amplexus.
  Myron O'Conner  ;2023-12-13; 1598.63 ;Food;Utor tristis certus.
  kathleen parisian  ;2023-03-01;7384,69; office ; Angustus utor terebro cribro. 
SAMANTHA BOSCO;4/6/2023; 2669.34 ;Other;Arceo desipio thymbra convoco vestigium decimus tabesco bene.
  Terrence Mayer  ;2023-06-05;3779.38;Office;thymum viriliter considero statim minima.
Irvin Mann;19/11/2023;5544,24;Other;Curo comes barba officiis.
  Holly Kub I  ;11-27-2023;2878.88;office; aro timor territo tollo cariosus civis aufero conturbo territo varietas. 
Karl Nitzsche;8/8/2023;78,48;Office; Demoror tamisium bis accusamus valens sui cursim aptus natus. 
marshall hand dds;2023-09-27;4590,96;food; Concedo tamen clam adhaero defero suggero ara urbs tondeo acceptus. 
Mrs. Alberta Hammes Jr.;5-20-2023;9630.91; Health ;Tempus ex aestivus harum.
CRYSTAL ABSHIRE-LUBOWITZ;13/8/2023; 4481.71 ;Travel;acidus corrumpo tristis derelinquo vivo consequatur argumentum deputo.
  Lewis Kihn  ;4-16-2023;9604.67;Travel;venustas caveo tredecim curatio utilis vito suppono desparatus.
Darryl McLaughlin;8/10/2023;7533,29;office;denego suscipit verus.
  Earnest Watsica I  ;10/12/2023;9826.35;OFFICE;Suppono cometes demo vinum cohibeo.
Elena Dare;2023-03-05;2527,90; Office ;pecus sophismata solio totidem tego.
Jonathan Grady;2-16-2023;6206.54;Health;Comparo denuo quam tantum adaugeo abstergo aranea apostolus.
Mr. Timmy Powlowski;12-25-2023;4250.12;Other;Defero cras appono contego synagoga ipsam abutor concido cognomen repellat.
Dr. Kristopher Rutherford;22/11/2023;5805.39;Health;Solus titulus subito.
Dr. Sherman Kertzmann;28/9/2023; 8862.47 ;Other;Ancilla trucido arcesso crustulum totus amoveo valeo.
  Jan Lynch  ;16/8/2023;8571.88;OTHER;Cornu cui arbustum sit cui vulnero aggredior curatio bestia desparatus.
dale breitenberg sr.;2023-10-26; 7590.58 ;Food;ABSORBEO CAMPANA TIMOR UTIQUE SUMMOPERE COPIOSE.
  Wilma Stehr  ;2023-06-22;7267.64; Food ;ubi sursum ulterius animus beatae ducimus apto.
  Jacquelyn Dickinson Jr.  ;2023-06-16;3170.83;FOOD;Tibi thesaurus vociferor carbo atque conventus auxilium ara contra antepono.
  MARK SCHROEDER  ;2023-04-16;8134.61;other;Accedo temporibus supplanto stultus aro bene aggero tenax sustineo.
marcella johnson;2023-08-06;2432,63;Food;ultra careo vociferor ancilla voco labore antepono accusator sublime sumo.
  Dexter Torphy  ;11-7-2023;8869.79;Food;cenaculum beatae suppono talus officia dignissimos crastinus.
Kristen Koch;2023-05-31;8485.12;Health;communis vehemens aegrus molestiae color cernuus quis verbera urbs tristis.
PAT ANDERSON;29/5/2023;3029.86;Office; Vox caelum cervus annus paulatim adicio quo magnam balbus templum. 
Alice Gleason;12/1/2023; 5893,60 ;Food;Sub deleo sustineo.
Leroy Bechtelar;26/2/2023;8925.32;Health;CONFIDO ABSCIDO TITULUS APUD.
HAROLD SCHOWALTER;26/9/2023;1076,78; TRAVEL ;Demoror cogito supplanto tutamen votum.
LYLE CASPER;11-1-2023;5019,67;Health;Suspendo administratio vox solum colo.
Ralph Corkery;2023-05-03;6527,75;Travel;CONSCENDO CONSPERGO ADHAERO CRUCIAMENTUM SOLLERS ADULESCENS NAM.
Susie Kessler;2023-05-24;1722.06;travel;Caste causa comedo thema.
CHARLES DECKOW;2023-07-19;7744.90;Travel;ELIGENDI AETAS SIMILIQUE COMPLECTUS VOCO.
  Audrey Roob  ;2023-06-30;6564.19; Office ;Amoveo adhaero adversus cohibeo tolero contego torqueo.
Mr. Marcus Lubowitz;3-19-2023; 3154.06 ; Health ;Uxor victus claro barba balbus amissio suffragium.
AARON ABERNATHY;2023-07-13;5863,52;Office;Cultura vitae veniam benigne tabella.
Dr. Randy Crooks;1-11-2023;9999,90;OFFICE; Magnam cribro delectus sum patrocinor aegrus chirographum tepesco nulla suus. 
roberta johnson;10-29-2023;5732.09;food;Suus claudeo arbor suggero vado derelinquo triumphus textilis celo aer.
Brad Hyatt-Reinger;9-20-2023;254.96; Travel ;Sui temeritas creta uter adnuo soluta necessitatibus aggredior subvenio thalassinus.
Tyrone Jaskolski;2023-09-01;7579.24;TRAVEL;Tyrannus arx omnis temeritas aegre.
  Alejandro Moore I  ;2023-08-23;7433,69;other;decipio pel vulgus acceptus degusto summisse agnitio.
Dr. Sonia White;2023-11-21; 9043,84 ; Food ;Ratione demonstro valens vere dedecor totidem.
louis king iv;7-3-2023; 2078.70 ;Food;Laboriosam architecto cavus copiose contigo decipio.
  Willie Hermiston-Bahringer  ;29/8/2023;4666.38;FOOD;Universe tricesimus vitium vomito aperte tametsi suffoco casus.
Alexander Bergstrom;13/9/2023;5183,46;Office; Adulatio audeo alias patruus ago odit subvenio peior. 
MISS DOROTHY QUITZON SR.;11-22-2023;4243.72;Travel;Adulatio despecto truculenter voluptatibus possimus addo debeo.
JULIO NICOLAS;2-14-2023; 231.31 ;Office;absum arbitro alius chirographum amiculum addo.
ANDREW SWANIAWSKI;9-6-2023; 5911,94 ;Office;Cerno conduco sui contego audax triumphus addo suppellex vinco caecus.
Janice Kulas;21/8/2023;8914.33;Office; aliquam expedita omnis vehemens cribro succurro. 
Sheryl Bode;4/2/2023;6478.67; Food ;Tandem tergiversatio fugiat accendo administratio defluo.
Juanita Considine;8/6/2023;563,58;Other;Cruciamentum absconditus sordeo theologus caelestis averto cenaculum demens adfectus timidus.
  Tamara Berge Sr.  ;4-12-2023;8267.47;Travel;DEPULSO TONDEO COMPTUS CURO.
raul denesik;19/9/2023;8525.04; travel ;Vulgaris thalassinus cattus.
juan kovacek;2023-09-10;1428.50;Travel;Aequus traho enim vitium sono truculenter.
Sergio Schultz;6/7/2023;7215.25;Travel;USITAS VENIA CALLIDE TRAHO SUPPELLEX BLANDITIIS.
Candice Erdman;12-11-2023;1188.18;Other;Animus peior creator aestivus amita accusator aegre summopere trado.
Omar Barrows;2023-05-31;2991,20;Health;Mollitia pecus super iusto verumtamen abstergo umbra spectaculum amiculum.
  steve prosacco  ;16/2/2023; 3409.10 ;OTHER;Vos audentia spoliatio beneficium spectaculum amicitia.
TERESA WAELCHI SR.;25/2/2023;1555,56;OFFICE;Atrocitas casus suscipio decor quis adaugeo tergum verus cattus.
  Brandi Thiel  ;12-1-2023;1481,25;health; EAQUE UTRIMQUE CURRUS. 
Willard Altenwerth;12/4/2023;295.34;Travel;APERTE UTOR CATERVA AEQUITAS.
Lynn McGlynn;5-28-2023;2859.30; travel ; Turbo coma eos valens excepturi cado suffoco caute bibo cogo. 
Yvette Tremblay;14/10/2023;2441.64;office;Veniam vapulus supra.
ms. kellie sawayn;2023-05-26;7753.91;food;Eveniet agnosco repellendus deprecator ullam accusamus adstringo suscipio.
jenna johns;8-6-2023;557.37;health;Sint viriliter pauci.
GINA MORISSETTE;15/8/2023; 1037,17 ; Travel ; Crustulum tabula coruscus valens currus volaticus. 
MR. OLIVER GUTMANN;2023-05-20;1535.08;food;FUGA CONIURATIO SOLIO SODALITAS.
Daniel Kshlerin;2023-12-05;582.35;HEALTH; Strues appello facere summa usitas ascit cibo consuasor. 
Cindy O'Keefe V;2023-01-18;886,10; health ;Tripudio compono assentator alii provident cicuta sequi tondeo versus versus.
Dallas Huels;9-16-2023;3463.73;Food;Aggero apud suscipio thalassinus sustineo.
  Kathy Flatley PhD  ;10-19-2023;8997,51;Travel; VESICA TERSUS CALAMITAS ABSCIDO STILLICIDIUM UTOR. 
Jon Harris;14/10/2023;73.71;Health;caecus thorax ceno aestivus carbo.
Gerard Reilly;6-2-2023; 3336.62 ;Other; adversus confugo volva stillicidium capto. 
maxine predovic iv;7-1-2023;8976.43;Food;Acer bestia balbus vae tutamen cenaculum alii amita thymum delectus.
miss alma treutel;1-4-2023; 6137.99 ; Health ;Angelus stultus confido demonstro usus.
  Greg Pacocha  ;1-27-2023;7529,99;travel;PEIOR AMOVEO DECOR STILLICIDIUM SAPIENTE SUMMA VINDICO.
JULIO ADAMS;2023-07-10;9078.67;Office;terreo culpo corrigo vilicus correptius vestigium.
  Thelma Boehm  ;2-22-2023;5675,64;Other;Demens accedo amita.
Naomi Stroman;2023-09-09;3148.66; TRAVEL ;Demum candidus speciosus voco supellex suffoco.
Tyler Ryan;2023-06-08;9145.42;Other;tollo tot umbra tolero appono vilis tui ver ipsam.
Stella Balistreri;4/6/2023;450.06;office;brevis accusamus commemoro adfero.
abraham wuckert;6/9/2023;3284.90;office;DECERNO AMISSIO DAPIFER IN TESTIMONIUM COLOR.
Donald Senger;11-16-2023;7723,71; Health ;ADHAERO CRUCIAMENTUM TALIS TREPIDE.
Antonia Howe MD;19/7/2023;3294.08;Other;Ambulo delinquo vester sto laborum ipsa valetudo communis statim.
  JIMMIE CONN  ;2023-04-07; 5669.15 ;Food; Delectus abscido turpis curriculum. 
lynn nicolas;15/8/2023;8179,65;Other;Tam deripio aegre illo totus acer vir antea adflicto.
Jeanette Schamberger;1-24-2023;212.47;Health;CUNAE ULLAM DECERNO AUCTOR ACERVUS ADMOVEO ADMOVEO.
Domingo West;2023-06-07;3828.55;Other;expedita asporto tardus caecus.
Elena Connelly;11-1-2023;5945,92;OFFICE;TERGO DEFENDO TABERNUS ARBITRO AMOVEO VESTER ATROX CONCULCO COLO.
Irvin Parker;6-7-2023; 5038.91 ;travel;Casso vinitor tergum autem aestas adficio alveus demitto vespillo vespillo.
  Donald Shanahan V  ;8/12/2023;5608.17; Travel ;Pauci cunabula conservo arbor.
bernice schneider-strosin;24/8/2023;6653.35;Other;SPIRITUS DESERUNT DECOR.
  Tommie Sauer  ;6-9-2023;8321.48;office;Tui distinctio tempora volaticus odit combibo vomica coniuratio.
Mrs. Alyssa Rutherford;3/7/2023; 9239.40 ; FOOD ;Minima capitulus alo vel tertius cimentarius taceo.
Robert Mills;3-18-2023;3291,47;Travel; Sub tego valeo. 
Peggy Bernhard;4/12/2023;5587.87;HEALTH;Creo cattus quas audacia stipes vesica sit torrens uberrime suppono.
adrian jast;2023-03-04; 5199,72 ;OTHER;Carbo benigne tactus comptus compono doloremque.
DR. SHELDON BOYER V;2023-02-18;3720,12;Travel;Despecto vorago admiratio voluptatum deripio suadeo doloribus.
Mr. Jeffrey Gislason;4-14-2023;5051.48;Food;Sto torrens vomica defungo aspernatur vel asper cunae adfectus eligendi.
STEPHANIE ROSENBAUM DVM;2023-10-27;9273.58;food;una denuo cultura vitiosus eligendi arca vilicus ex vito.
Shannon Ortiz;24/3/2023; 1348,26 ;OFFICE;Eos cohaero conservo numquam aeger.
Ricky Corwin;2023-02-19;9458.56; Other ;Optio vicissitudo defetiscor tripudio.
  ROBIN BERNHARD  ;27/10/2023;1148.93;Office;FUGIT ADINVENTITIAS TABELLA ANSER A.
  marco muller  ;14/9/2023;8862.09;Food;CAVEO PAENS ULLAM CUNCTATIO.
lillian parker;2023-08-05; 4349.72 ;OTHER;Officiis calcar accusantium arx stabilis adamo vesica ait.
Aaron Hansen;3-29-2023;7468.01; Office ;Conservo coniecto triumphus sortitus cresco subito.
  Thomas Donnelly  ;2023-01-23;491.52;Health;Audentia coma tergiversatio fugit virgo deporto.
Mrs. Lela Mosciski;26/7/2023;6422.81;Food;Coniecto apud tumultus torrens ipsum amo vesica accedo.
Ernesto Spinka;15/5/2023;8029.77;Health;Summopere cinis theologus templum.
  mrs. inez harvey-sauer  ;30/9/2023;3014.10;Food;DEPROMO AUDACIA ADHAERO AMET COGNATUS.
ALEX BLICK;2023-08-07; 5688.02 ;TRAVEL;Viriliter umbra vespillo desidero creber delego eaque.
jackie sawayn-schuster iii;1-7-2023;8764.12; Food ;DECENS VINUM CLAM ULTRA VOLATICUS VIDEO AQUA CLARUS COMBURO ACIDUS.
ALONZO LARSON;5-22-2023; 8101.60 ; health ; Trado beatus acervus consequatur clam delego textilis deleniti. 
lowell beatty sr.;4/1/2023;3001.57; HEALTH ;tenax verumtamen terga adversus comedo spiculum correptius adsuesco.
Kathy Jenkins;5/5/2023;5299.29;other; Deprecator vix usque capitulus pecus illum. 
Sylvia Price;30/7/2023;266,36;Other;ALIUS ACCENDO ADVENIO APPOSITUS VOTUM VINDICO CASSO SUBSECO.
  Stuart Mante  ;22/8/2023;1328.85;food;Abutor venia denique dens coruscus tergo deficio.
DARREN WOLFF I;9-15-2023;4245.40;Travel;spoliatio sonitus cognomen delibero.
  Faith White  ;23/1/2023;407.00; Office ;TAMISIUM SAPIENTE VULARITER CATERVA UTROQUE STO VOLO CARIES TRISTIS NOSTRUM.
  seth ratke  ;8-4-2023;9182,82;Health;Rerum vehemens stella auditor quibusdam sint vulgivagus utrum caecus.
ELLIS TOWNE;1-14-2023;673.89;office; Ventito voluptatem curto ustulo traho arguo commodo consectetur. 
  Marco Anderson  ;2023-03-21;1506,09; Office ;clam ullam victoria cuppedia desipio.
GRACE KOELPIN;2023-08-08; 6800.72 ;Food;Celo corroboro cogo sublime communis tero cresco delibero.
  hugo beier  ;24/4/2023;2022.41;Office;SOLITUDO CIBO COMITATUS DENUO COLLUM DELENITI ABSQUE.
Traci Ritchie;19/6/2023;2634.33;OTHER;Conforto dolorem appono textor clibanus.
Dr. Ramiro Kozey;2023-02-13;3409.41;office; Laboriosam ipsa tenus desino sapiente comedo tam maiores. 
  Benjamin McCullough  ;2023-05-04; 5690.90 ;office;Arceo defluo aduro accedo blandior explicabo decimus.
Sonia Stanton;2023-02-24;8150.93;food;Appositus excepturi summa.
Robin Jones;6-8-2023;9165.89;Other;Subnecto aegrus vox error veritatis tempora soluta.
Erma Von;7-25-2023;4014.44;Health;DEPOPULO EAQUE SUPPELLEX CONSTANS TRICESIMUS VARIUS CARMEN TREPIDE ULLUS.
  kenny legros-cummerata  ;2023-06-28;5811,29;FOOD; constans vivo tantillus virtus aeger ultio trado urbanus. 
Miss Angel Waters;4-20-2023;886.37;Food;Synagoga aliquam caecus capitulus capillus delicate caries.
  Violet Pollich  ;1-20-2023;5054.49;food;Bellicus nihil crux sublime caterva villa.
  Ted Roberts  ;7-26-2023;3197.72; Office ; Calco cresco ut aperio volutabrum absorbeo bis tunc sapiente. 
  Ervin Jenkins  ;12-10-2023;6271.52;office;Carbo defessus sortitus acerbitas utique adflicto teres ascisco.
Dewey Wyman;2023-12-07;7941,39;Office;templum cumque pel tenetur vulgivagus aedificium sublime voluptatem.
Max Leuschke;2023-05-16;8306.89;Food;Vorax consequuntur adopto molestias teneo similique benevolentia.
MR. EDUARDO PARISIAN;10-5-2023;1058.09; Food ; Audio absum quibusdam sublime. 
Mrs. Verna Grady;10-31-2023;2438.35;Food;Amet id valens aut subito alo varius adduco.
  Nathan Cruickshank  ;8-5-2023;8264,00;OFFICE; Quaerat suadeo confido cunae cupio vestigium cibus sint vilicus. 
  kerry medhurst  ;29/6/2023;6854.14;health; Laboriosam quaerat acer statua custodia. 
  PAULINE JAST  ;3-8-2023;6537.17;Health;Stella animadverto sollers arbustum attonbitus sordeo infit vito.
terrence hayes;29/12/2023;9238.47;other;vespillo ustilo aeneus repellendus audax.
Mr. Tomas Ruecker II;2023-08-28;3425,47;TRAVEL;VITIOSUS THESIS CUR CURRICULUM CUM APOSTOLUS.
JEANNIE BRUEN;2023-02-05; 2639.31 ;Office;Ademptio curvo accedo depulso tonsor conforto eius.
Cynthia Thiel;2023-06-27; 6680.16 ;Health; Sollicito carus paulatim degenero fugiat alienus voluntarius vado. 
agnes dickens;14/1/2023;9184.50;Office;Caterva autus tepesco curso cimentarius vestrum.
Dennis Stehr;5-15-2023;6787.84;office;Baiulus solutio maiores verbera dolorum careo terminatio tyrannus sint.
Marta Rice;19/9/2023;3243.77;Food;Defungo atqui statua.
Rodney Tillman;9-7-2023; 4160.47 ;Travel;Iure crux substantia repellendus alius tempora.
  bob corwin  ;6/12/2023;5072,87; Travel ;Angustus vita delibero uberrime creptio.
Margarita Schoen;2023-07-05;8233,04;OTHER; Quae validus claudeo. 
  Emmett Lowe  ;2023-08-18;2608,58;Travel;Ager cras titulus cura vinitor decretum crinis tenetur sumo.
EDUARDO MARQUARDT DDS;8-19-2023;4898.36;OTHER;sustineo cur tribuo denique stipes tamen caveo dolore.
Minnie McKenzie;8-10-2023;8295.30; OFFICE ;Fugit non depraedor vir cedo teres antepono.
CALVIN SCHUSTER;28/1/2023; 1359.11 ; Food ;CASUS TRICESIMUS SUPPELLEX.
Felicia Harber;2023-04-29;5552,39; Office ;Verbum a bestia spectaculum vulgo spiritus timor talio.
GUSTAVO KOHLER;2023-09-30; 3817.14 ;Health;Ullam ars conduco denique.
rosemarie herman;2023-08-29;8444.73;health; Suscipit vomer tardus vito. 
Cory Wyman;2023-01-24;4088,79; Food ;Arca tametsi tibi venio.
Sean Batz;16/11/2023;742.45;FOOD;Sulum crur tutamen cito ratione conatus theatrum tenax deficio.
Dominick Schinner;8-11-2023;4724.22;HEALTH; vado carpo defungo nemo degero administratio argumentum dolores possimus teres. 
Penny Lakin;3-20-2023;3306.66;office;dens pecus eos deputo amissio absconditus.
Colin Kris I;20/7/2023; 7604,62 ; food ;Accusamus tabernus angelus comparo.
hazel krajcik;5-20-2023; 5550,50 ;Travel; Thesaurus antepono caterva dedecor bos alienus bonus aliquid cerno. 
Ignacio Leffler;24/10/2023;8016,42;Health;Cito cumque vomito arguo suus natus nemo coepi termes velociter.
  Georgia Parker  ;2023-10-06;3271,46;Other;Acerbitas tempus aut nam valde peior conatus sub.
VAN REICHERT;5/10/2023;7484,07;Office; vis acies sollicito contego depereo volutabrum aegre sustineo carbo. 
  Jermaine Kshlerin  ;26/10/2023;389.25;Travel;Summopere vapulus corroboro coruscus consequatur vesper veritatis.
MIGUEL AUFDERHAR;2023-08-15; 9185,22 ;Food; Tandem caterva sunt calculus vita vir circumvenio. 
  Leah Schiller III  ;10-11-2023;7777.28; Travel ; Crudelis ascit curiositas. 
Boyd Parisian;6/5/2023;4795.05; other ;Termes vir caste defendo dicta xiphias.
Terence Larkin;2023-09-13;4683.34; Food ;Pax casso comedo cogo tempora socius assumenda utpote amissio.
vicky romaguera;2023-01-10;6695.98;Travel;Admitto testimonium tepidus adulescens vorax cado cilicium abduco coadunatio.
Karl Bogan;3/2/2023;6189.99;HEALTH; Unde corporis aiunt ubi tero commodo viduo angelus adeo vis. 
Deanna Gibson;8/6/2023;154.20;Health; Virtus autem cornu adversus argentum strues. 
Randal Roberts;2023-10-01;8935,12;health;aegrus cunctatio vomito stabilis animus basium videlicet.
Kayla Hirthe;9-10-2023;4236.89;Office;Tenax tabella curvo calco unus quam laborum.
Rudolph Gleichner;2/1/2023;4534.28;food; Somniculosus antepono veritas creta tergeo rem adopto tibi trado. 
KELLI GREEN;25/1/2023;3766.45; Travel ;PECTUS VESTER DESOLO VIS EA.
Marguerite Balistreri DVM;2023-07-22; 3445.51 ;Other;Vilis administratio chirographum vulariter.
Alexandra VonRueden;2023-11-25;6128,73;Other;Copiose damnatio cura adhuc cumque tersus.
amanda von;11-26-2023;1177.51; Office ;armarium aspernatur ars supellex angelus.
Ignacio Schaefer;30/7/2023;5565.92;Other;Asper aetas tyrannus advenio cubicularis ars verumtamen nihil.
milton cole phd;2023-08-16;6876.83; Food ;Acidus ademptio velum coniuratio depopulo color.
Jake Ziemann;2023-03-04;6996,85;Health;Suppono admiratio decor uberrime desino talio ater.
Caleb Collins;2023-07-18; 7851,96 ;Health; tumultus tremo corrigo vitiosus contego usus considero concido amissio suscipit. 
  Ronald Heathcote  ;2023-04-22;2779.13; Travel ;Tertius spargo beatus quam atrocitas solio currus.
MRS. ANGEL WILKINSON;2023-09-26;2703,19; Travel ; aliquam claustrum cubicularis adiuvo corpus coniecto assumenda. 
Boyd Ebert;14/3/2023;5821.82;HEALTH; quae molestias tersus. 
Mrs. Sue Sipes;3-26-2023; 461.94 ;Other; Caput barba adiuvo alius. 
  Dr. Francis Cummings  ;3/9/2023;3104.98;office; BLANDITIIS CITO QUIDEM AUDEO. 
Hugh Smitham;12-19-2023;8735.20;Office; comis tutamen vereor coma. 
  Charlotte Schulist  ;2023-02-05;2714,91;OFFICE; Aetas texo ab. 
lee walter;6/1/2023;2319.41;Food;Aggero vulgaris dolore chirographum considero explicabo ago socius solum.
candace graham;6-4-2023; 731.52 ;health;Defleo sortitus creptio soluta desino ut veritatis odit.
  SARA RUECKER  ;27/7/2023;7219,14;Health; PROVIDENT DECENS COHIBEO VERITAS SPES VITA DEBITIS SOLUS MAIORES TERGEO. 
  Sonya Ruecker  ;1-31-2023;659.30;OFFICE;admiratio baiulus dens viduo arcesso aranea vigor aestivus adhaero.
Roland Medhurst;19/1/2023;3301.96; TRAVEL ;Cotidie dolore collum adnuo deprimo thymbra cuppedia unde angulus.
  dr. jimmy hyatt-hilll  ;10/3/2023; 2848.33 ; travel ; DESIDERO TUNC CRUX CONVOCO VERECUNDIA CERNUUS CARIES DENUNCIO. 
Mr. Dean Huel;6-5-2023;257,95; Travel ;CUM DEFUNGO AQUA VOLO TITULUS AB.
CLIFFORD DICKENS;9/11/2023; 9165.73 ;Office;Comburo desolo ago aeternus adulatio tabernus suspendo vilis clementia victoria.
LAWRENCE RODRIGUEZ;18/8/2023;5799,83;OFFICE;Tamquam sufficio quibusdam.
  Seth Reichert  ;2023-09-01;3384.59;Health; Theca templum perspiciatis contigo celebrer tibi degusto unus. 
James Rippin;30/9/2023;3490.98;office;Ceno temptatio omnis conscendo spes.
LEON HILLS PHD;25/12/2023;8500.31; office ;Spero veritas ratione modi.
marian waters;2023-08-23; 9926.49 ;Food;Coaegresco cauda arceo.
  Cody Barrows Sr.  ;2/5/2023; 7899.35 ;other;ILLO CONFERO VENTUS ARBOR TORQUEO ARX COMPELLO VESICA VICINUS TAMETSI.
  Lloyd Harvey  ;27/1/2023;9781,05;HEALTH;MAXIME ACSI SOLUM SUPELLEX.
ms. wanda bins dds;7-25-2023;1672.36;Office;Vos tergo somniculosus.
velma quitzon;23/6/2023;9760,54;Travel; Consequatur solus usus dolore dicta tracto sollicito desolo. 
ROBYN FLATLEY;2023-10-18;7514,57;Food;COHIBEO SOLEO PECCATUS ASPERIORES XIPHIAS CUSTODIA.
  Robin Willms  ;7-6-2023;6757,39; Food ;viduo volva solum cuius.
Dallas Little;5-30-2023; 2517.86 ;HEALTH;Sufficio suscipio suasoria concido.
Elbert Wisoky;7/2/2023;488.47;Other; Comitatus cras comptus nostrum tenax cetera adfectus. 
CARROLL BEDNAR;1-22-2023; 5574.32 ;office;pecco vox civitas.
Raymond Mayer;5/2/2023; 6663.27 ;food;SURSUM INFLAMMATIO BENE CUBICULARIS VALLUM CLAMO AVARUS.
Rolando Weber;10-12-2023; 9620.04 ;Travel; Brevis antiquus vestigium convoco vesco inventore. 
Sabrina Harvey DDS;2023-08-01;1907.89; Other ; Supplanto catena approbo solium sophismata conatus vaco caelum. 
dr. wilbert stracke;15/6/2023; 4737.94 ;Food;crustulum provident tonsor ulciscor adamo degenero.
  Barbara Dickens PhD  ;2023-09-04;9932.36;HEALTH; Cur curatio crapula custodia utor vetus argentum curia. 
Hilda McKenzie;2/12/2023; 3980.10 ;Other; AGNOSCO CUNCTATIO SONO BEATAE ANTIQUUS TERGEO SIT SOPHISMATA SPECIOSUS ADVERSUS. 
KRISTOPHER LEFFLER;14/7/2023;8580,84;Food;stipes velut aetas suadeo tui soleo.
dean reilly;2023-06-22; 4398,54 ;Health;Sophismata vester admitto ullam colligo depulso aggredior casso.
Carmen Parker;8/1/2023;3713,95;OTHER;ADAMO APOSTOLUS COADUNATIO TREMO ESSE THALASSINUS ABSENS SOLUS CIVIS CONIURATIO.
Stanley Pouros MD;7/1/2023;5334.21;Other;Sed pecto antepono studio.
RAY GRAHAM;2023-11-06;2337.58;Health;ADURO TERREO COMPARO DEORSUM AMBULO CASSO CURIOSITAS.
  adam grady  ;2023-10-12;4314.96;Other;Aequitas minima tepidus thesaurus curvo cotidie beatus et vilitas.
Claude Kerluke;4-6-2023;518.58;Office;uxor ante colligo voveo conservo.
doug wilkinson i;8-1-2023; 1198.31 ;office;Bos vulgo damnatio timor aeneus fugit.
lucia zboncak;2023-08-17;6237,50;FOOD; Claro correptius utor suggero antea audentia reiciendis denego versus communis. 
amy quitzon;2023-03-21;496.63;other;Undique omnis fuga crinis stips suadeo tibi rerum aufero vilis.
jane huel-wisoky;4/5/2023; 9117.66 ;Health;Administratio suppono vulnus audacia sperno.
Cecilia Kozey-Howell;26/12/2023;1923.09; office ; Aestus pecto bibo clam ancilla decretum templum cunabula vestigium laboriosam. 
Bridget Graham;12-6-2023;5386.77;Travel; APERTE AMPLEXUS VOLVA ALIQUID ARGUO. 
Stacey Rosenbaum;2-5-2023;2108.82; Health ;Celebrer natus colligo congregatio amiculum vorax bellicus aperte bestia.
marion rau;10-15-2023;2035,11;travel;Cupressus demergo usitas aut.
Al Strosin;6-1-2023;4005,07;Other;pariatur ater cibus cotidie.
Ana O'Hara;2023-12-21; 9088.46 ;Health;defero decretum cerno vulariter suadeo desipio quam attonbitus cultura.
Gary Hartmann;11-1-2023; 8247.38 ;Health;REPUDIANDAE TRICESIMUS SUBNECTO VILICUS.
Jean Harvey;26/10/2023;8940,40;OTHER;Ventosus articulus virga temeritas vobis impedit libero succurro alias.
Dr. Josephine Luettgen;4-6-2023;3395.46;Food;Corrumpo tabernus tam vorago atavus vel.
Phyllis Hane;7-29-2023;4424.25; other ;Quis cupressus delibero delibero curis validus impedit coerceo templum succurro.
SAMANTHA BECHTELAR;16/8/2023;1784,45;other; Coepi despecto quis pauper tonsor adfero conor. 
Pam Quitzon;1/3/2023;4358,18;Health;Taedium thymbra thesis demergo laborum absens verto aranea veritas.
Clinton Gleichner-Hickle;2023-01-05;526.19; Other ;Amissio confido aro infit aeternus tergiversatio volutabrum.
Hector Breitenberg;9-29-2023; 2874,10 ;OTHER;deprimo adimpleo tero quaerat acerbitas perferendis despecto.
Miss Alma Hilll;6/11/2023; 2048.01 ;Office;Ex aduro dens adipisci chirographum voluptates considero.
Malcolm Block;26/1/2023;2793.10;Food;thorax adfectus absorbeo demens claustrum ago abeo abutor cupressus.
Sonya Greenfelder;9-26-2023;9794.09; health ; Explicabo cinis deinde vilicus solium voluptatem torqueo auctor sponte. 
Hugh Kozey;1/7/2023;6387,71;food; denique autus crustulum odio crepusculum alveus. 
ALEXANDER PADBERG;2023-10-07; 4162.62 ;OFFICE;FUGA CURATIO OFFICIIS CUI ARMA BOS.
mandy schiller;4-29-2023;7803,36; Health ;Cilicium vulgo thesis tergum.
CAROL HARTMANN II;29/1/2023;5064.14;Other;Repellat celo recusandae creta tibi inventore.
Shelly Connelly-Larson;7/7/2023; 2872.75 ; health ;Unde corpus libero vereor soluta administratio dolor benigne allatus.
heidi emmerich;11-20-2023;394,76;OFFICE;COHIBEO AESTIVUS ASPICIO CLAUSTRUM APPROBO DISTINCTIO CREPTIO.
ROSIE BOYLE;11-20-2023;7899.36;office;Coepi texo desipio aetas talis at catena vespillo.
Kim Rau;2023-09-29;3152,64;Travel;Aedificium alienus cruciamentum.
  Maxine Moore  ;2023-03-13;2023,15;other;Verumtamen praesentium repudiandae abduco suscipit coma.
April Jacobs;2023-06-15;4594.80;Office;CADO SURGO CURA VILITAS.
ARCHIE BAILEY I;2023-09-24; 1896.41 ;Travel;Aer delectus vulgo temeritas suus adhaero virgo delinquo.
joseph dickinson;5/8/2023;1448,97; Travel ;Quisquam decor conduco cresco socius calcar mollitia aegre.
Miss Francis Lockman;9/12/2023;5394.71;food;calco minus antepono benigne utrum vestigium super pectus.
Isaac Ledner;2023-03-16; 4529.88 ;OTHER; Odio corrupti pecto texo cena traho colo victus. 
Patty Gorczany;2023-04-19;7328,73;Health;COTIDIE ANTEPONO ASPERNATUR CULTURA COMEDO.
  Paul Schinner  ;2023-02-10;2751.83; Office ;succurro sodalitas tempus animi ab defluo dolorum cui cunae.
Ana Spinka;3-11-2023;4121,21;Office;CARUS UTER ACER COMES DESERUNT VOLUBILIS LIBERO VENTOSUS.
  CASEY MERTZ  ;6/12/2023; 4478.57 ;Food;admoveo arca voluptates sint cognatus coniecto demitto creptio tui stabilis.
Krystal Welch;1-6-2023;178.42;TRAVEL;tribuo canis somnus.
Isabel Lang;2023-11-30;5634.96;Other;SPERO UNIVERSE CONSERVO VEREOR PAX DEMONSTRO.
John Kreiger;2023-03-14;5787,49;other;Torqueo capillus et talus conturbo validus depraedor.
Emmett Casper IV;2023-08-30;6551.13;Office;Conservo acies reprehenderit conculco.
  Dr. Ollie Predovic  ;12/6/2023;3019,61; Travel ;Strues sursum depromo deinde.
Lee Grady;7-31-2023;4623.25;TRAVEL; Capto repellendus suffoco accusantium spiritus concido expedita absconditus. 
MORRIS WILDERMAN;10/10/2023; 6491,08 ;travel;Curso laudantium cruciamentum summopere.
  Stanley Johnston-Trantow PhD  ;2023-08-31;1782,67;Food; CONSPERGO ASPERIORES RECUSANDAE COLOR ADEO ULCISCOR ADOPTO DECIMUS TENAX. 
Tracy Boyle;1/9/2023;3068.07;travel;Cicuta terreo quibusdam.
Myra Stiedemann;26/5/2023;525.48;Other;CERNUUS SPERNO SPERO ARX.
  Elena Grimes  ;13/7/2023;844.47;Food;Id cruciamentum cribro ventus spero curriculum adulatio.
SANDY MARKS;9-1-2023;6718,46;HEALTH;Civitas abstergo tersus abscido conservo correptius beatae.
forrest grimes;2023-02-03; 5411.50 ;other;Considero vulnus traho cogito dolorum arceo modi confugo temeritas.
  ALVIN HANSEN II  ;4-10-2023;4669.56;OFFICE;APPONO BEATAE VITIOSUS VENUSTAS AEQUUS VOVEO CELO AEQUUS.
  dr. kenneth strosin  ;5/10/2023;2670.07; Office ;derelinquo umbra commodo temeritas civitas vomer.
  Lorene Hettinger DDS  ;2023-11-04; 8166.21 ;food;Thesaurus tergeo comptus appono verecundia.
  Bobbie Herman  ;17/10/2023;5265.77;Health;Aequus rerum amo sumo apostolus nulla conspergo volva corroboro.
pat daniel phd;2-24-2023;3846.14;Food;Tero qui antiquus.
Ellis White;2023-12-09;3426.46;Travel;denego tamen vitae vacuus conitor candidus timidus voluptatem cariosus utrimque.
BERNADETTE MARVIN;2023-04-01;4468.45;Office; Celo esse verto autus maiores. 
Angelina Kihn;9-9-2023;6820.51;Health;Arca tripudio defungo summa comis.
  Rudy Stokes  ;21/4/2023;474,70;food; Tantillus cogo benevolentia. 
BRADFORD KOSS;2/9/2023; 6597.99 ;food; Annus neque contabesco tamdiu adaugeo coerceo tenus fugiat viridis. 
SIDNEY JENKINS;2023-03-30;2024.43;Travel; Atque odio cunctatio claro. 
DONNIE HEANEY;2023-11-13;5040.11;Office; Absens victus officia attollo consuasor. 
  juanita koss  ;9-27-2023;6884,59;Other;Comprehendo bene correptius conqueror demum capto.
Dana Wolff DDS;2023-05-05;4249.55; Other ;corrigo calco amet cohibeo.
Christine Streich;3-8-2023; 2120.31 ;Health;Dicta brevis deinde venio eaque vulnus.
Lynn Bartoletti;2023-03-11;2706,18;health;Adipisci adipiscor valens usus arceo doloremque statua crudelis.
MAURICE BEER;26/8/2023;3406.65;Travel; Cultura ambulo cenaculum ubi. 
  Guadalupe King DVM  ;23/2/2023; 4141,28 ;OFFICE;Arbitro canis vinculum crustulum viduo unde suggero eligendi cunabula.
Tonya Donnelly;9-17-2023;6040.07;Health;Claustrum ventosus tracto ter.
Melvin Robel;6-15-2023;3396.34;Other; LIBERO ADURO FACERE SPOLIATIO AMISSIO ANGULUS ALIUS. 
  miss joyce abernathy  ;2023-09-20;8567.41; Office ;Aqua vobis vinco sonitus sortitus.
WARREN HERZOG V;7-21-2023;7942,72;Travel;Asper suffragium tamdiu valde tergeo vorago basium.
Gilberto Pfannerstill;7-15-2023;1789.45;Travel;Dignissimos adnuo vulgus tredecim vulgus.
  Peggy Prohaska  ;10/3/2023;3902,13;OFFICE; Totam tactus tamdiu distinctio in tactus caelum quas capio solio. 
Bethany Effertz PhD;10-14-2023;8654.65;Food;Nulla traho defleo turba adipiscor.
KAYLA WATERS;2023-08-15;6596.80;Health;DEPRECATOR TONSOR ADULESCENS ANTEPONO IUSTO CASSO SAEPE NATUS PECCATUS TABGO.
eileen stanton;23/6/2023;2027.51;Office;Corona cuppedia paulatim.
Erin Jones-Crona;22/4/2023; 9012.44 ;Food; amet attonbitus conqueror ab tandem. 
  Barbara Sauer  ;2023-03-13; 6580.30 ; Travel ;Carpo admitto comitatus cresco paulatim aspernatur compono spargo.
Miss Henrietta Langworth;1-29-2023;8011.85;Food;SED VILICUS STELLA DESOLO IPSA CORPUS CADO.
Mary Larson;5-17-2023;6543,39;travel;maxime turba terra caritas arceo synagoga arbitro.
STANLEY CUMMERATA;9-1-2023;957.84;Health;Abduco uterque trado sufficio.
  Mildred Nitzsche  ;12/5/2023;4499,00;food; Aedificium eius perspiciatis. 
Caleb Walsh;25/4/2023;5554.26;Office;sulum cura conturbo ex textilis annus convoco.
DONALD EMMERICH;6/5/2023;1962,61; Food ;Voluptatum vociferor defleo amplitudo testimonium cubicularis subito astrum.
  Freddie Friesen  ;25/4/2023;8701,94; Food ;Laudantium decet tumultus conturbo pectus adipisci adfectus vorax aut ratione.
Frances Lockman;12-1-2023;4315.46;Office;tersus antepono arbitro sursum alioqui aspernatur pauci cetera.
  Vickie Corwin  ;1-29-2023;6295.78;travel;Audax aestus delibero sponte ventito theatrum.
JORGE KIRLIN;9-28-2023; 7105,75 ;Food; caelestis angustus vorago cupiditas temptatio caelestis cubo suadeo. 
  Violet Torphy  ;7/8/2023;5865,96;Travel;quam suppono deleo colo armarium temptatio conitor trado terebro deporto.
CLIFFORD DENESIK;18/11/2023;1062,19; office ;coruscus blandior subvenio tempus.
woodrow veum;16/9/2023;6017.90;Travel;subito trepide depereo modi condico blanditiis.
HOPE KRIS;6-14-2023;2891,61;OTHER;Aedificium degero tubineus audentia truculenter.
MRS. REBECCA PAUCEK;11-17-2023; 6731,13 ;Other;SOLIUM SED FUGIT TUMULTUS CUMQUE DENEGO MOLESTIAE SPECULUM UBERRIME.
Jim Bogan Jr.;18/8/2023;3457.35;Office; thalassinus tracto nisi dens aetas pax sto conqueror vulgo. 
  Brendan Cremin  ;9-5-2023; 5549.76 ; Food ;Depraedor tersus celo congregatio caelum demens nam assumenda.
Julian O'Reilly;3-13-2023; 7058,36 ;Office;teneo in maiores.
Camille Erdman;2023-12-05;267,90;food;Copia ustilo audentia accommodo altus distinctio enim cogito.
Joanna Rau;5-12-2023;5367.35;TRAVEL;Quam antepono spero compello ab vester.
  Yvonne Leffler  ;18/12/2023;9641,38;Office;VOLUTABRUM PECCATUS CONATUS DEGENERO CONICIO ARANEA DICTA CUIUS.
  Megan Runte  ;2023-01-31;9886,07;health;Curvo ubi tamdiu pax.
Hector Schaden;7-25-2023;498.58;Health; Alii commodo amissio denique crastinus facilis bellicus degero tego. 
Monica Nienow;18/3/2023;7280.32;office;Saepe facere universe teneo atrox urbanus depromo vilitas.
  Amy Zboncak  ;12-7-2023;4559.58;Health;Subseco temperantia iure animus coerceo peior conculco.
  Dr. Lora Spinka  ;2023-09-10; 7633.19 ;office;Vetus nisi aspernatur placeat curto numquam comprehendo demulceo thema cervus.
  stephen jenkins dds  ;25/8/2023;8263.34;Health;UBERRIME QUAS ACCUSAMUS NUMQUAM SOPHISMATA DESINO CANIS QUOD VINCO.
Virginia Homenick;12-7-2023;8748.63; other ;Iure sublime cubicularis tantillus turbo.
Valerie Mosciski;9-30-2023; 4727.61 ; Other ;architecto appono benevolentia atqui.
Sherri Jacobson;4/12/2023; 6872,40 ;Food;Vehemens crudelis adaugeo crebro vulpes utique rerum arca universe.
  ms. kristie konopelski  ;2-2-2023;2525.96;TRAVEL;AT ACIES SPIRITUS ANIMADVERTO SOLUTA DEDECOR CIBO ARBITRO.
FREDDIE CRUICKSHANK;10-20-2023;5165,11; travel ; Cervus viscus tantum adsuesco congregatio delinquo sodalitas omnis volup tametsi. 
Marianne Champlin;13/7/2023;591.13;Food;Tricesimus aestivus dedico trepide aliquid patruus substantia adficio laudantium consequuntur.
Andrea Borer-Heaney;12-3-2023;8138,07;Health;Suppono conitor patria nobis cresco cernuus adicio.
Martha Tremblay;10-16-2023;929,24;FOOD;crebro urbs appello benigne deprimo venustas contigo.
Clarence Nolan;2023-12-08;2901.29;health; Constans cuius tersus audeo carcer vulnus thesis vix deleniti voluptatem. 
krystal bailey;10/1/2023; 2302.76 ; HEALTH ; CERNO VOLUPTATUM ALII VALLUM TERRITO APERIO COMPELLO. 
penny lindgren;1-2-2023;2350.30;Other;Communis adversus demergo comis thema cunabula.
  Meredith Rodriguez  ;9-3-2023;2699.50;TRAVEL; Verbum condico dolores supra crastinus copiose canonicus somnus praesentium. 
  Mr. Daniel Powlowski  ;9-3-2023;4129,80; food ;Uxor acceptus umquam quos facere undique.
  JESSIE MUELLER  ;9-10-2023; 9470,38 ;Travel;Ara basium vulgaris velit fuga uxor unde.
  Clint Leannon  ;2023-06-29;3421.64;Health;Quasi sordeo testimonium condico desidero voluptatum blandior comptus inflammatio balbus.
Darin Reynolds;31/3/2023;4736.60;TRAVEL;vir iste antiquus vilicus cilicium adicio impedit ante voro.
mrs. leona toy;12-13-2023;5612.62;Office; Ventosus utpote in sto coniuratio arbitro carcer. 
Isaac Schimmel;5-18-2023;3060,09;other; Velociter corrupti ars patrocinor crebro bonus stipes. 
rodolfo nicolas;9/6/2023; 7343.57 ; Travel ;administratio ulciscor super suadeo advoco catena quibusdam.
  marcus abernathy  ;1/9/2023;1884,96;Food;APUD UTERQUE CURIA.
  MS. RITA PREDOVIC  ;2023-06-29;4805,75;Food;thymum caterva arcus.
Clay Rice;2023-02-26; 6623,17 ;Food;Turba vociferor delibero maxime coniecto.
angelica wehner;2023-08-24; 2457.47 ;OFFICE;Sublime comminor nam.
marian hintz;30/9/2023;1782.52;Health;Voco tener debilito audio odio desipio.
Gerard Ryan;2023-02-01;9114,44;Office;Stips earum surculus volutabrum vinculum architecto universe.
Russell Lynch;19/12/2023;7323.47; Travel ;Votum ver suus.
Bonnie Nolan;2023-03-07; 56.01 ; Office ;Umerus confido acceptus suscipio curiositas.
Phillip Barton-Swift;2023-09-08;886,72;Office;TERRITO SPERNO COERCEO QUAE DECENS CONVENTUS REICIENDIS TURBO CORONA.
Janie Ortiz;6-1-2023;5570.78;Travel;Voluptate suus vinculum.
  Jaime Windler  ;21/10/2023;9126.87; Office ;Dolorum tenus subito adduco demens avaritia vulgaris a repellendus tergeo.
JOHN TORP;2023-12-19;848.35;Health;Turbo animi bibo conqueror.
cristina bosco;17/3/2023;7534.93;Food;bos aurum reiciendis compono aranea socius varius.
  VICTOR WELCH  ;2023-01-11; 7079.47 ;food; TIBI OFFICIIS ANTIQUUS TRUCIDO CUPRESSUS INFLAMMATIO CARCER ABUTOR. 
  Ollie Bailey  ;14/4/2023;9095.43;Office;Thesaurus cultellus ab triduana.
percy schiller;28/2/2023;7820.67; Office ;Clibanus varius canis aranea adopto at cognomen celo veritas harum.
mrs. mercedes maggio;2023-06-06;9670.17;Health;Tactus porro videlicet arma repellendus tabesco.
Delbert McDermott;2023-11-14;1869,88;other;Torrens atavus stultus non convoco abduco.
Al White;16/2/2023;9780.14; Office ;Comptus somniculosus derelinquo odio tum aestas cuius utrimque.
Dr. Deborah Lang;9/3/2023;8286,42;Other;Curtus sono brevis causa demergo amissio vulgivagus.
Isaac Schaefer;1-28-2023;7057.73;Food;tyrannus adaugeo aliquid aperio.
  Ollie Hegmann Jr.  ;10/6/2023;7851,70;Other; Corrigo tergiversatio adstringo assentator ambulo voveo spectaculum ademptio. 
Ervin Heidenreich DVM;5-4-2023;3345,26;Other; VALEO LIBERO VOLUPTATUM AESTAS SPES OFFICIIS ASPERNATUR. 
vivian keeling ii;3-23-2023;5616.81;OFFICE;Temperantia angulus cubo temperantia confugo advoco patruus valens communis cauda.
  Mr. Noel Kovacek Jr.  ;2023-07-14;5755,96; Travel ;Adduco acervus tergo abbas dedecor cohaero desino carmen timor rerum.
Erma Schmidt;2023-06-19;9483.28;health;Cotidie cubicularis capitulus tandem cuius.
Jessie Heaney;20/7/2023;421,00;Food;Tardus caveo delinquo cogito alveus ipsam basium provident volva.
  leon jakubowski  ;2023-08-14;3188,17;Health; Depono amo tres creator amoveo voro bestia. 
Carroll Hauck;4-26-2023;2330,37;Office;cerno iste abundans demonstro.
Travis Legros;27/2/2023;5927.96;Food; ADSUM ARBOR CLAUSTRUM ACCUSATOR CURVO SUGGERO. 
  sammy erdman i  ;28/5/2023;1910,72; Food ;Utpote verbera depono esse natus conatus aggero quisquam.
BRIAN SCHINNER;2023-10-17;6899,20;food; THEOLOGUS TORQUEO DEPRECATOR ADSUESCO ABDUCO CORPORIS VESPER SUMMISSE. 
Marsha Pouros;9-14-2023;4514,26;food;CANIS CLAMO SUI CINIS BLANDITIIS NATUS BASIUM.
Kristi Douglas;13/4/2023; 3551.96 ;Travel;Territo aestus spargo.
  CESAR GUTMANN  ;5/4/2023; 4991,64 ;FOOD; Auxilium vestigium conduco triumphus centum. 
Marion Quitzon;2023-02-11;3202.75;Other;Addo vicissitudo ipsam quod centum combibo deripio.
Dr. Ignacio Orn;10/3/2023;8463.47;Food; trepide acervus alias vetus tot umerus cohors valens color vigor. 
Sabrina Little;2023-01-03;9946.74;Travel;Crustulum nobis ipsum dolore bos adfectus admoveo.
Olive West;22/7/2023; 8203.03 ;Health;Cresco antea commodi denego pauper derelinquo qui.
Terry Bosco DVM;1-29-2023;8698,74;Food; Vigilo virgo cogo nemo vomito. 
Jon Lueilwitz;2023-05-05;9481.23;other;Degero desolo caries.
  Angel Cruickshank  ;1-14-2023;4996.06;Office; audentia tenax aspernatur beatae brevis solus aequus ara baiulus. 
Sheryl Kautzer;2023-11-10;9447,82;Other;Admoveo cras collum carus commemoro.
  Kurt Spinka  ;2023-10-26;4841,75;Health;Usque conventus barba adhaero.
TONY LOCKMAN;2023-06-19;2786,52; Food ; Argentum debitis creta labore vigilo surgo sui decimus conatus. 
  Alexis Torp  ;30/6/2023; 8435.01 ; Food ;SUI VITA ULTRA TENUIS PERSPICIATIS VERUS VOCIFEROR CERNUUS.
  Micheal Kub-Schamberger MD  ;2023-01-22;3588.43;Food;Adduco valetudo unde desipio validus.
WALTER MACEJKOVIC;21/5/2023;5859.06;Office; Sublime tenus cultellus deprecator rerum vesco tristis trepide. 
Ida Connelly;28/7/2023;3809.88;Travel;Aspicio calamitas volubilis arbustum degenero.
Lois Gleason-Watsica;17/5/2023;817.37;Office;Balbus saepe alias abutor laborum hic eos custodia auxilium.
ISAAC SPENCER;2023-04-30;8306.82;Food;Culpa patria xiphias defero ab adflicto solum.
Julius Anderson;2023-02-11; 9868.73 ;health;Sodalitas soluta verumtamen placeat solitudo caute non deporto.
ira konopelski;2023-09-16;9141,07;Travel;Vestrum currus cuppedia.
eddie trantow;2023-10-14; 4196.84 ;Travel;Tamquam curvo texo provident conservo creta debilito denique tertius.
Billy Leannon;12-6-2023;2852.86; Other ;Vicinus cubo carcer curiositas toties aveho.
irvin green;2023-05-29;5137.81;Office;Celo cena benevolentia acervus constans necessitatibus.
Yolanda Little PhD;7-13-2023;4177,32;Health;Vulgo cenaculum subnecto curiositas vitium attonbitus debeo.
Darin Gutkowski;10/3/2023; 2059,46 ; Food ;Aptus magnam aestas animi.
jesus koelpin;3-24-2023;3962.87;Office;Solutio cavus summa.
Penny Schmitt;5-1-2023;6573.44;Other;Atqui earum tyrannus accedo nisi apparatus accusantium depereo summa.
karl conroy;10-6-2023;9509.13;Travel; Deprecator vigilo amet rerum stella adulatio cetera. 
  kirk doyle-pouros  ;10/12/2023;2149.42;Travel;summisse iusto defendo vigor provident.
julie strosin;18/5/2023;6969,98;Other;Amo tendo inflammatio.
Ann Rolfson;3-14-2023;1654.79;Health;Turbo accusator impedit ambulo verbum maiores decor curatio pecco textilis.
Lori Hodkiewicz;4/8/2023;2774,56;OTHER;Suffoco dolores ademptio abduco cogo cubitum ustulo.
Ms. Rosa Satterfield;2023-05-25; 3844.58 ;HEALTH; Viridis atavus censura vix textus vorago velit iure patrocinor adhaero. 
DIXIE EFFERTZ;2023-10-09;8617,17;Health; Atque sono illum crux votum impedit absens cicuta convoco. 
Colleen Yost;21/4/2023;4544.86;Food; Totam votum candidus toties. 
elsa kihn;17/1/2023;2103.56; Travel ;Cruciamentum tenetur defleo ustilo certus aer apto.
Gerald Jacobi;15/1/2023;416,65; Food ; Vetus tamen tonsor caecus cupiditate. 
Jacquelyn Howell IV;24/6/2023; 8511.40 ; OTHER ;Terreo defero barba vinculum animus tripudio speculum coaegresco cimentarius.
Lorraine Zboncak;23/8/2023;9647.35;Travel; tutis clibanus auctus carcer. 
  CLAIRE QUITZON  ;9/10/2023;4377.02;OFFICE;CORRIGO TOLERO AESTIVUS TUI CUPIDITATE SURCULUS VIDELICET SIMILIQUE VOLUP SOMNUS.
Miriam Kub;20/8/2023; 6817.30 ;Health;ambulo clarus commodo possimus vos amo vito.
Fernando Erdman;2023-10-08;1763.16;Other; CURSUS SORTITUS SUBVENIO DEFESSUS ARTO COMMODI TEXTILIS. 
Dr. Jean McClure II;7-21-2023; 2321.09 ;Office;Quisquam sto umerus vindico.
  Whitney Wehner  ;23/12/2023;3097,70;Office;Calculus ultra ultra conservo.
Phyllis Homenick Jr.;3/6/2023; 7247.57 ; health ;decumbo demonstro decretum voluntarius deinde termes cultura pecto.
Mrs. Madeline Blick;5-11-2023;8721,06;TRAVEL;arguo utilis artificiose eum deporto tunc.
Nathan Gislason;2023-04-12;8562,75;Other;Accommodo beatus sumo tamdiu astrum depraedor defungo corrupti.
megan jacobson;2023-04-19;9593,94;Travel;BARDUS SURCULUS VOX SOPOR TERSUS.
oscar kshlerin;2023-01-15;6832.68;FOOD;abstergo tempus vulnus vulariter desparatus cruciamentum speculum tunc thermae sufficio.
MRS. SHERRY KUB;11-15-2023;1285.00;Health;Solutio attollo corpus teres denuncio.
dr. angelica auer;1/1/2023;4843.85;Office;Aro termes dolores nemo conculco corrigo atrox.
DR. RUDOLPH TERRY;2023-11-30;1924.24;Travel;Pariatur necessitatibus adipiscor.
Joann Kunde;11-21-2023;2492.17;Health;CRUSTULUM CUNABULA CORROBORO SOCIUS CENO CASUS MOLESTIAE ABSENS.
Sonia Kling;9/7/2023;5285,34;food;THEOLOGUS SUASORIA UTERQUE CERNUUS VERO CRESCO NOSTRUM SIMILIQUE INVENTORE.
Alvin Schroeder;17/11/2023; 7389,85 ;Travel;Velut ara contigo adfero tum tepesco.
kathy huels;5-15-2023;2131.30;Food;corroboro cursim vulgo angulus adeptio adduco cognomen sollers cruciamentum.
  Tony Hayes  ;2023-05-28;7941.19;office;Conitor cernuus tergo virtus creo maxime argumentum.
DR. KENT O'HARA;4/12/2023; 6587.26 ; OTHER ;Ara spiculum molestias adhuc.
Randall Schmidt;2023-03-30; 1223.12 ;Other;Deficio paens aveho decens arceo.
  Chester Beier  ;2023-11-16;4602,63;office;aegrotatio strues argentum cubicularis animi adnuo dolores.
Luke Oberbrunner;23/6/2023;2309,75;health;cavus amitto compello caste ulterius.
Andres Collins;7-27-2023;5963.22;Food; SORDEO ARGUO STIPS CONSIDERO AMITTO. 
Mario Runolfsson;12/1/2023;5275.47;travel; Thermae ubi nisi calculus texo comptus una vestigium amet. 
Jason Hagenes;8-23-2023;6509.79;Office;conqueror aut illo cattus cubo audio vesco tibi versus.
Arthur Lesch;2023-10-29;589.82;Office;conor magnam caput vomica non.
carla lemke;22/6/2023; 431.33 ; HEALTH ; VARIETAS ADULESCENS USUS. 
Sabrina Rogahn;2023-01-12;8233.47;Office;Ultio excepturi optio centum terreo temeritas amplexus curiositas.
Tammy Connelly;11/5/2023;9995,01;other; Stella cibo suggero calco tui atavus antea tollo consequatur. 
Kara Wyman;11-27-2023;1406,67;Health;arx umerus stella.
Clifton Haley;18/2/2023;9734.05; Health ;Peior utpote cedo dedecor talis porro angelus laborum.
Ms. Hannah Hahn;2023-09-19;7747.39;FOOD;Paens magni abutor copia.
Phyllis Feil PhD;2023-06-18;1315,25;FOOD;Conservo vestrum cultura vespillo corona aeneus utpote alter conqueror.
Leona Raynor;1-18-2023;4964.06;Health;Terebro tantillus voluptas ea quam tres tantum voco vere.
SHAWNA WILL;1-9-2023;6011.11; Food ;coma temperantia fugit altus incidunt adfero vulpes conforto conduco.
lyle pagac;11/4/2023; 3798,08 ;Office; Tersus nam studio delibero adopto debitis comitatus amissio demonstro. 
Salvador Torphy;26/7/2023;2509.02;other; Vigilo cura umerus valeo. 
  ricky mitchell  ;3-26-2023; 3141.62 ; other ;Stabilis summopere decet.
Anna O'Keefe PhD;23/11/2023;5772,44;health;Deputo apostolus sui sumptus tollo decor cogito.
alex gibson;13/8/2023; 8792.74 ;Other;Acervus desipio una.
Mrs. Maxine Will-Leuschke;11/9/2023;3432.00;Other;Ago adeptio tabgo beneficium degenero acsi.
  Robin Jacobs  ;2023-10-22;8488.13; Health ;Bos deorsum compello.
Josh Hane-Murazik;12/8/2023;4876.86;Other;Alii vobis conculco deinde decet terreo.
Miss Andrea Wolff MD;8-3-2023;3714,59;Travel;fuga deputo umbra excepturi vilis quasi ciminatio arbitro arca.
Alexis Becker;2023-02-13;722.38;food; DOLOR DECUMBO CURSIM SORDEO ACERBITAS TALIS. 
Russell Ernser;1-1-2023; 3996.40 ;Health;Odit bardus traho demum ago.
Cary McClure;2023-08-31;3220.97;Food;ATROCITAS CARMEN SUFFICIO DERIDEO TERREO CRETA CATERVA CLAMO TORQUEO.
Julia Boyle;4-15-2023;4480.79; Health ;Nesciunt cunae capto virtus charisma subiungo absconditus.
SHIRLEY OLSON;2023-12-03; 6270.38 ;Travel;Tredecim antea eos desidero thymbra tendo delibero abeo.
NORMAN ERDMAN;5-27-2023;7187.01;Travel;Subseco defleo possimus tabernus quo curatio adversus.
Teri Zboncak Sr.;11/6/2023;1098.70;Other; Aspicio debilito catena cubitum ustulo. 
Cesar MacGyver;13/5/2023;5913.26; Travel ; VOMICA PATRUUS AUCTOR TABULA EOS NECESSITATIBUS VENTOSUS COLOR UTILIS TUMULTUS. 
Clara Lehner;10-10-2023;7864,22;Office;Deficio conventus suppellex vulgus curtus degero vestrum brevis voluptas.
mable schmidt;4/6/2023; 1099.38 ;Travel; VENIAM ARTICULUS COMMUNIS ENIM TABESCO ODIT. 
terri nitzsche;2023-12-14; 6965,91 ;Health;Cernuus caterva voluntarius deduco.
  sammy oberbrunner  ;2023-07-01;5409,63;Other;Amor catena defluo vis certus.
Dr. Fernando Goyette;3/10/2023; 5489.12 ;Health;CEDO IN CAELESTIS.
FRANKLIN ARMSTRONG-HELLER;9/7/2023; 7454.41 ;Travel; Tempora carmen tabella usitas patruus uter avarus ara. 
  Penny Dicki  ;2023-07-23; 5451,16 ;travel;UNUS CANONICUS VOS CLAUDEO UTRUM VIRTUS.
cassandra reilly;10-5-2023;5530.20;health;sophismata corrigo auctus voluptas statim sed quod aro.
  DEXTER CHRISTIANSEN  ;2023-09-13;6439.09;Health;eligendi amita bibo amaritudo quasi concedo bestia.
JEFF CHAMPLIN;10/8/2023; 8837.77 ;Office;tepesco tantum absque subseco callide.
Mrs. Sonya Bergstrom-Dickinson;2023-11-26;5946.18;FOOD;DAMNATIO VACO CERNO ADINVENTITIAS VILICUS DEFENDO ALTER BONUS.
Belinda White;12-14-2023;4194.23;Health;Alius vinco inventore tendo thema thymum.
Iris Rempel;9/10/2023;5297,44; Other ;Ut tabesco vomer facilis contabesco fuga caveo amoveo synagoga.
KARA GUTMANN;2023-07-20;270.66;FOOD;Corpus centum decor audax aduro tener utrum adstringo.
Maureen Volkman;2-5-2023;1888.15; OFFICE ;Suffragium arx solum cogito utpote statim iste patior.
Scott Hegmann;2-14-2023;535.49;office;CONVOCO APERTE STATIM.
Tyrone Greenholt;2023-11-03;6091.23;Food; Agnosco triumphus ustilo aequus ea. 
Dianna Muller;18/11/2023;3377,64;Travel;ARCUS ACCUSATOR AGER TONSOR TERES TEXTILIS TEMPORIBUS BEATUS CUI.
Bernard Bogan;20/5/2023;5872.87;Office;delectus denique tergum angustus veritatis bis optio.
Estelle Jaskolski;27/8/2023;2285,73; Travel ;Vis confero tracto solitudo tenus acervus verecundia.
  Muriel Ledner-Hansen  ;6-7-2023;2733.68;FOOD;ADOPTO AIUNT TEMPTATIO TERGO APERTE DERELINQUO.
Camille Heidenreich;2023-05-03;179.15;Travel; Volaticus substantia optio demergo aspicio coniuratio. 
Ryan Corkery;6-26-2023;7628.70;Other;Conforto absconditus terra tunc succedo angelus repudiandae super vulgaris supra.
sheldon murazik;9-29-2023;7029,47;Travel; Voluptate tutis socius. 
Mr. Terrence Gleason;13/7/2023;9311,42;Health;volo compono una tandem soluta absconditus.
Kirk White;9-26-2023; 1023,73 ;Other;Demergo atque amissio vespillo.
TOBY HARVEY;2023-06-02;1745,68;Office;Spectaculum aestas depraedor currus vir circumvenio tempora.
Sophie Lebsack;2023-04-07;4425.31; OTHER ;Caste tertius iste.
ralph christiansen;7-3-2023; 7572.61 ;other;voluptatem cito desparatus.
  Joseph Walter  ;2-27-2023;3217,65;Office;repellat verbera turbo velit tenetur veritatis astrum accusantium.
VANESSA MAYERT;2023-10-09;408.32;office;ARBUSTUM VIRGO TAMEN VOCO CHIROGRAPHUM CATENA AUFERO.
JOSEPHINE NIENOW;10-27-2023;7967.42;Food;Despecto repellat custodia ipsam.
Carol Herzog-Lockman;2023-03-12;1634.51;Food; Vox auditor cuius sollicito accendo assumenda terra claudeo tantillus. 
  Henry Toy-Hegmann  ;2023-07-07; 4863.73 ;office; subito clamo textilis soleo campana. 
  Rudolph Balistreri  ;2023-05-12; 2792,53 ;Health;Vetus verbera totam confido.
  Jodi Klein  ;9-24-2023;9916.81;Travel; Pel magni ex vulpes adiuvo clam. 
Shannon Balistreri;4-28-2023;6306,77;Food; Carcer uterque aeneus tero velociter. 
Catherine Johns;20/12/2023;6489,01;Other;Adhaero cogo volaticus somnus corroboro clamo commodo spiculum.
Ramona Legros;10-7-2023; 1326.27 ;food;eligendi verto vacuus fugit impedit assentator allatus.
alberto braun;25/12/2023;7426,40;Health;socius civis audio ut suscipio ultio tibi cibus.
  Mrs. Olivia Hyatt  ;22/3/2023;6148,37;TRAVEL;AURUM TABELLA CREPUSCULUM EA CUMQUE PAX.
violet osinski;2023-03-05;5195.59; Other ;Cinis laborum pecus trado audax corrupti bos cenaculum hic trepide.
Daniel Gutkowski;19/4/2023;2147.59;Food;Timidus avaritia cultura.
  Maryann Stamm  ;2023-04-20;3171.15; HEALTH ;Capio utilis celebrer conatus.
louise rolfson;2023-04-20; 3608.49 ; OTHER ; Tam damno ater itaque celebrer tamdiu eos. 
Roland Christiansen V;2-2-2023;7800.87;Food;volva acsi turba credo illo.
Saul Jacobson;26/2/2023;2150.19;Food; Thymbra astrum vomer amissio tripudio. 
Dr. Bill Reichert;3-31-2023;2048,26;Office;nobis suscipit cohors tumultus culpo vulgivagus suffoco auditor.
  Mario Ondricka  ;24/5/2023;4099.91;other;Alter auctor talio decimus blandior arcesso.
brandy rath sr.;2023-07-06;1218,08; Health ;Uredo tamdiu tergo solium bene sequi caecus umbra barba dignissimos.
guillermo gulgowski;2023-12-23;7280,02;Travel;uredo summa perspiciatis agnitio tamquam talus angelus.
dr. levi gutmann dvm;2023-08-10;8626.03; Health ;Temporibus adduco ducimus aspicio cibo.
Denise Kunze;8-14-2023; 6721.94 ; FOOD ;Veniam adopto callide torrens benevolentia at thalassinus surgo.
Edward Bayer;1-10-2023;7474.25;office;Custodia ceno coaegresco solium audax saepe vivo.
Israel McLaughlin;21/9/2023;6969,54;Other;AUXILIUM CREPTIO CLEMENTIA SURSUM VINCULUM QUI CRAS ILLUM DEFESSUS DEFICIO.
Keith Jacobi;6/3/2023;7004.49; Office ;Crustulum nam tabella desino.
May Block-Grady;2-20-2023;91.74; travel ;Delibero solio appello barba veritas.
nichole wisozk;3/9/2023;3652.75;Health;architecto deinde ustilo minima.
HILDA BRADTKE;4-30-2023;1202.89; Other ;CAPITULUS CONVOCO COPIOSE CANTO DOLORUM.
Alvin Koch;3-23-2023;6481,84;Health;Amplus utilis cariosus facilis conor corrupti communis amplus ter volo.
rosie lesch v;10-1-2023;7176.10;OFFICE;colo votum tracto.
vivian price v;2-16-2023;8063.76;Health;defluo trucido antea.
Salvatore Koelpin DDS;2023-01-11;2736.72; Health ; NEQUE AMISSIO UTPOTE VERBUM CASTE DELECTATIO TOT CLAUSTRUM. 
Maxine Kuhlman;1/12/2023;3661.05; Food ;Statua stultus pel audax tutis somnus.
Alberta Tillman;18/12/2023;9660.95;travel;Ascit delego capto vulnero usus tamen comprehendo considero.
deborah kertzmann;6-15-2023;5717.65;FOOD; utor sperno autus iure. 
Krystal D'Amore;27/5/2023;8036,74;Other;Stultus supra abutor artificiose bestia aestas sed vobis bibo.
WILSON HALEY;6-16-2023;2441.05;OFFICE;Sollicito concido xiphias.
Sonia Huel;2023-09-16;7937.99;Food;Tibi sonitus argentum cui caelum terra.
Dr. Stacey Muller;2023-08-23;9018,06;FOOD; ADOPTO TACEO TRIDUANA PEIOR. 
Bradford Altenwerth Sr.;23/2/2023;1314,87;health;Amor admoneo complectus soluta vita sit amiculum cerno testimonium ultra.
  Marvin Schimmel  ;7/11/2023;3220.24;office;Curvo avaritia desidero celo credo.
Justin Osinski;2023-10-07;5255.29;health;COAEGRESCO PEL FUGIT SOCIUS VEL SUSTINEO DEBITIS.
Max Sauer-Morissette;6-15-2023;4383,40;Health;quod concedo volo ocer cruciamentum.
Ramon Larkin;2-3-2023;3311.03;Food;Tactus combibo nostrum.
Vincent Littel;3-4-2023;2186.01;Office; Pecus attero bos bellum cometes antepono. 
Dr. Kara Roberts-Moen;6-15-2023;1465.14;Travel;Sulum peior tabella corrupti voluptatem utique.
  Arthur Swift  ;2023-12-09;8382,98;travel;Ara conturbo calculus conor tui vinculum enim sunt.
Delores Upton;4-20-2023; 8627.16 ;Food;Attonbitus teneo debilito decor vesper arca ancilla benevolentia pariatur vindico.
GRADY SMITHAM;2-2-2023;6386.20;Food;Vesper contego credo thalassinus dolorem.
  frankie hermann dds  ;4-2-2023;9330,81; Food ;DECOR AMITTO DEBILITO VAE CURRUS AUDAX ARTIFICIOSE SUMMISSE TEMPTATIO ADEO.
dana welch;10-1-2023; 5282.32 ;other;vulgus nobis speciosus conturbo viridis arcesso assentator.
Darren Schiller;11/1/2023;9317.33;Office;TARDUS REPELLENDUS ANGUSTUS SUBNECTO CONSIDERO SPICULUM CARITAS TAMETSI.
Jacqueline Waters;2023-04-27; 2080.84 ;food;delectus circumvenio aduro cruentus adfero victus defetiscor tepidus cedo advoco.
Karen VonRueden Sr.;2-21-2023; 7015.09 ;health;amor utrimque comptus texo celer vergo demonstro cupio.
BRANDON CUMMINGS;9-23-2023;923.12;Food; Tyrannus ulciscor damnatio concido cribro conatus civis audeo. 
Milton Ondricka;11-3-2023;543,80;FOOD; Traho sursum nam valeo. 
  Andre Wilkinson  ;17/11/2023;8672.08; Food ;ex audio spectaculum suggero doloribus caput comis absque conicio.
Wendy Maggio;2-1-2023;9663.89;food; Molestias volo comedo curvo copiose. 
Maxine Klein;2023-11-01; 687.35 ; Travel ;Carpo surgo utrum reiciendis uter.
Elbert Gorczany;4-29-2023;3057.62; Office ;Aestivus aurum vel barba assentator.
  Inez Kuhlman  ;11-8-2023;1667,32;Travel;Carcer ulterius nemo culpa textor.
  Israel Macejkovic  ;3/2/2023;5414,28; Health ;amitto correptius carmen allatus aro basium.
Marvin Cummerata;3-30-2023;4637.88;Travel;Ciminatio antea absens aiunt creptio adamo beatus umquam.
Micheal Lind;2023-02-27;9591.84;Office;Ipsum acidus bos cursus ait curto.
  Sonya Monahan  ;7/7/2023;1092.12;other;DEINDE INFIT THORAX CELO QUOD CLEMENTIA VAE PERSPICIATIS.
Ana Langworth;2023-04-18;9358.17;Other;Aperio terror toties.
SHELDON ZULAUF;2023-10-21;12,05; Office ;cunctatio capio capitulus aqua bis textilis acsi curis.
Juan Rogahn;12-3-2023;4246.71; Office ;Ustilo saepe defluo valetudo cruentus mollitia cupiditate tunc advoco careo.
Owen Cummings;2023-06-09; 3847.41 ;office;Cultellus adfero vado contra benigne.
Rachael Adams;25/2/2023;1000.36;travel;thermae desparatus tremo consequuntur sulum candidus vaco.
MERLE PROSACCO;2023-05-24;7380.55;HEALTH;Corroboro denique vinculum stillicidium.
Dr. Bryan Koch;2023-04-14;3044.15;travel; cohibeo baiulus atrox collum comedo aestus. 
Jonathan Denesik;26/9/2023;1190.34;Office;Vesica distinctio urbs eveniet magni vereor appositus catena quasi.
Danny Rice;2023-04-26;2306.73; Office ;Patruus cupiditas tristis absorbeo.
Nicholas Wilkinson;10-3-2023;4663.52;Food;carmen amaritudo cinis usque aeger sursum cubitum.
Josephine Thompson-Moore;2-26-2023;9359,63;food;alienus spes alienus caterva paulatim eius.
Miss Amelia Lang;5/7/2023;9785,65;travel;Decipio vindico supellex distinctio cilicium vinitor bene adiuvo magnam amo.
Edgar Braun;2023-09-09;4404.48;other;Deleniti caste clarus conturbo.
Mr. Tim Larkin;4-7-2023;5584,26;Office;Dedecor creptio perspiciatis solio crur amicitia sequi statua quo administratio.
Leona Leannon DVM;5/12/2023;3353.82;Travel;Sponte corporis commemoro caveo harum adipiscor accusator sortitus.
Noel Goodwin;9-4-2023;3811.03;Travel;Amoveo totam vitium vinculum centum vester.
Jenny Schmeler;5/1/2023;7611.87;Other;Cotidie amplus debilito nisi conspergo viscus voluptates sono iure.
Leticia Doyle PhD;8/5/2023;6732.18;Travel; CADO VIGOR ARTIFICIOSE SULUM AUDIO IMPEDIT COMPLECTUS SUPER MAIORES ANGULUS. 
Melinda Hegmann V;9-3-2023;4767.01;Other;Concido suppellex crur cui acquiro adaugeo calamitas claro.
SAUL BOEHM;18/9/2023; 8693.49 ; Travel ;Demum verus tersus comprehendo.
  Dana Walker  ;30/11/2023;7417.44;Health; careo patrocinor tamquam adinventitias timor. 
  jaime morar  ;8-5-2023; 6766,83 ;Office;Abduco acceptus summopere asperiores contigo defungo creptio tondeo cupiditas.
  fredrick stiedemann  ;2023-04-14;646,31;Travel;vaco decet tenuis confugo arcus.
LUZ EFFERTZ;15/7/2023;1400,15;office;curso pecus absorbeo quaerat vaco vulpes clementia tempora demonstro.
Audrey Oberbrunner;2/11/2023;2675.25; Office ;calamitas veritatis talio.
Estelle Dare;7-28-2023; 6409,95 ;Travel;Demens calco currus deprecator.
  Vicky Bode  ;16/6/2023; 5826.71 ; Food ;COHAERO VULPES CIBO.
PHYLLIS SPINKA;12-11-2023;5936,61;Office;coma cicuta commodi sunt cursus amplus solutio.
NATALIE SWIFT;21/9/2023;8924,77; Office ;Quis tactus crepusculum qui color.
Erica Bogan;21/12/2023; 4800.57 ;Health;Volva cuius universe casus similique ullus apto.
Ginger Schinner Jr.;2023-05-09;8050.96;Other;corporis adfectus cotidie conscendo placeat beneficium.
Andrew Kulas;23/6/2023;8301.50; Travel ;socius amitto nulla clamo.
Troy Williamson;10/5/2023;3420.94;Health;Textor arbitro vinco magni bibo asperiores.
daisy jenkins;2023-04-04;1484,79;Travel; via laudantium tracto texo vulgo tempora adiuvo utrimque officia. 
Lana Lind;3-13-2023;6734.45;FOOD;bonus desidero defetiscor.
MR. JEREMY SAUER;2023-04-24;6670,08;HEALTH;Eaque verus necessitatibus cauda.
Ramiro Jakubowski;11/6/2023;6378.77;food;cultura verecundia ulciscor possimus patruus cupiditas tardus tendo.
Jacquelyn Bergnaum IV;2023-10-14; 8812.24 ;other;STILLICIDIUM CAUTE CERNO VESTER DEFLEO SPECTACULUM SUBIUNGO.
holly fisher;25/2/2023;5215.16;Other;Viscus ambulo votum derideo creo.
Hector Little;2023-10-20;6458.44;OTHER;Defluo sollers creptio coniecto.
LOIS FERRY;22/10/2023;2862.11;Other;Dapifer degenero bos viriliter spes.
  TIM BAUCH PHD  ;2023-07-25;5054.73;Health;Delicate succedo eos.
Dr. Jerome Flatley;3-19-2023; 1046,01 ;Food;Cauda quibusdam ducimus.
Peter Thompson;2023-07-04;2385,07;Health; Coruscus conturbo suggero velum antea adinventitias repudiandae amicitia delectatio fugit. 
Manuel Zieme;2023-12-11;3476.86; Food ; Tardus urbanus vindico commodi trepide. 
penny hickle;5/1/2023;802.36;Office; CETERA SUFFICIO FUGIT DEPONO PEIOR EX. 
ray haley;2023-10-20;6103.56;Health; facere apostolus accusator deputo error aeternus laborum vicissitudo. 
Jake Moen;14/12/2023;2304,69; Food ;Tabernus delibero theca sollers debilito tum tego brevis.
Corey Lowe;20/3/2023;4833.65;HEALTH;Adaugeo delectatio canto ceno abduco statim.
  KAY ORN  ;20/8/2023;4231.50;TRAVEL;celebrer vix theca spiritus subiungo deripio.
  Dr. Eula Schroeder  ;4-4-2023; 7978.52 ;Other;deputo omnis baiulus via unus amaritudo officiis verumtamen temporibus.
EDITH GERLACH;2023-01-09;879.19;Other;Cubo creator tamdiu.
  Alicia Hane MD  ;29/10/2023;4702,51;Other;Curis apto cursim tripudio volo brevis repudiandae.
  ELIJAH ABBOTT  ;25/6/2023;8942,81;food; Absum vulgus consequuntur conduco suppellex magnam delego. 
BRANDI BRADTKE;8/3/2023;7780.08; Travel ; Thesaurus tubineus ocer sumptus artificiose esse aranea. 
misty barrows;4-15-2023;9656.24;FOOD; debeo ago vinum arbitro sumo thema ullam accedo amoveo supplanto. 
  ALFONSO PARKER  ;2023-07-02; 3572,55 ; Office ;Acervus convoco coma amissio animus argumentum cattus calcar termes ab.
Noah Wisoky;3-25-2023;7155.66;Food; culpo villa audeo thorax minus vix. 
Kenneth Lueilwitz;2023-11-20;2140,66; Other ;adamo tego cubitum deficio ustulo adduco talis.
  MR. LAMAR HARRIS  ;18/12/2023;4547,73;Office;Optio vulariter cogo ab autus vociferor taceo charisma videlicet.
Priscilla Goodwin;1-8-2023; 2045,78 ; Travel ;Voluntarius ara certe bos mollitia barba earum viduo.
nora turner;6/7/2023;4205,80;Office;Spiculum iste adficio adhuc adstringo pel adnuo.
Nadine Johnston;2023-04-27; 4248.68 ; Other ;Censura solvo arbor vilitas appono.
  Tom Moore  ;2023-03-18;7344.17;Health;Agnosco demergo attollo magnam sponte tracto ago accommodo coadunatio cubo.
  isabel wilderman  ;2-15-2023; 4122.99 ; OFFICE ; Aetas succedo sit recusandae vox curso nam omnis solitudo crepusculum. 
Viola Hyatt;2023-01-04;9453.15; Office ; Uredo tremo comedo suggero cognatus tollo ad decimus tertius molestias. 
Darin Conroy II;3-7-2023;5093,08;food;patior quae acsi defluo tertius cervus neque dolor succurro.
Rickey Lueilwitz;2023-12-29;2124.06;health;Autus solum desolo sol creo clamo.
  debbie morissette  ;2023-12-02;7379.54; Office ;CANIS NON DOLORIBUS CURATIO TUTIS SOLITUDO CEDO DESIPIO VER ADULESCENS.
Ramona Stracke;6/7/2023;8093.63;Food;Aegrotatio molestias virgo.
ANTONIA MCLAUGHLIN;1-26-2023;2242.07; FOOD ;Curso sui color spiculum cunctatio caritas amplexus vito.
  ROGELIO ANDERSON  ;10-15-2023;3932.61;Other; In capitulus odio vulgivagus ademptio. 
Ms. Ada Bogan III;24/12/2023;9503.70;food;Theatrum spiculum spero.
  Patricia Armstrong  ;2023-01-16;8247,67;Travel;VERSUS CREO VERITATIS SUBIUNGO CONIECTO CERTUS DEFERO VERITAS.
Rogelio Terry;6-1-2023;543,63;travel;BONUS TACEO VOMER SOLIUM TOT COLLUM AIT CONICIO CAPITULUS.
LAWRENCE GOTTLIEB-BECKER;2023-10-18;7588.07;Food;Demum defero dedico cinis ara repellat hic certe.
  ALMA ROGAHN  ;2023-07-08;8591,15;OFFICE;Pauper abeo capillus adipisci careo.
Constance Stracke;5/5/2023;6070.92;Food;Claustrum ter auctus ventus tardus.
Darrel Marvin;1-9-2023;380.92;food;Calculus comptus absque curtus vester summisse adiuvo avarus.
Edgar Simonis;7/1/2023;1062.04;OFFICE;Aequus cattus conor.
  Colleen Carter  ;12-6-2023;5942,98;Health;Thorax adulatio officiis est fugiat vehemens.
dr. erick marquardt;12/5/2023; 2657,82 ;Travel;Veniam suasoria libero curso vulnero.
  blanca pfeffer dds  ;11-30-2023; 1351.48 ;Office; Consequatur ducimus utor benigne collum bibo vel. 
ms. michelle murphy;2023-07-16;6418.60;office;Trado recusandae talis amplus dolores.
ANNA ABBOTT;3-31-2023;4415,72;Other;iusto cultura degenero amo tolero patruus conduco cauda.
dallas swift;16/10/2023;9225.55;Other;Nobis demergo reiciendis adipiscor concedo vulgaris.
Cory Miller;18/3/2023;8192,47; Other ;aranea ultio vinco.
Daniel Sanford;6-29-2023;9280.74;Travel; ADDO ADHAERO TEMPERANTIA CARBO ADIPISCOR CONFORTO CHARISMA. 
Bill Boyer;8-26-2023;3071.71;Food;TENAX ARBITRO ULCISCOR DEBILITO SOLUTA APPOSITUS IURE.
BETH EBERT;8-24-2023;3472.90;Office;TABERNUS SPONTE SUCCURRO.
Tina Gibson;29/7/2023;4017,63;Travel;Animadverto curia repellendus conduco tondeo teres atrox.
CLAY SCHIMMEL;2023-11-18;3534.08;Health;subito amo videlicet.
Manuel Labadie;2023-03-09; 8943.49 ;Other;Vorago ex tener temperantia tantillus valeo cimentarius.
Miriam Herman PhD;2023-04-22;1575.36;Travel; VIRGA CORUSCUS TENAX CONIECTO CONSERVO. 
tasha mraz;22/2/2023; 2858.92 ;OTHER;Pauper voluptatum toties cernuus adicio libero appono ciminatio.
  Gayle Cormier  ;9-28-2023;4667.51;Food;ARANEA VALENS APPARATUS AURUM BOS PATRUUS VIDELICET.
  Rachael Bogisich  ;7/1/2023;3582.98;health; Vaco ultra voluptatem creo explicabo. 
Laverne Durgan;10-15-2023;5296.86;health;magnam sordeo verbum commemoro ipsa supra via apto.
Laurie Pouros;3-25-2023;4273.38;travel;Video curiositas arbor cavus usque terra comptus aperiam odit.
Hazel Gleichner;2023-01-11; 366.56 ; Other ;Decimus odio autem verus sumo ustilo verbera canis apud.
  Irma Thiel  ;8-2-2023; 353.34 ; Food ;CURA CORRIGO VIRILITER VULGUS VOLUBILIS SPECULUM CORROBORO STRUES.
Marsha Stroman-Johnston;1/12/2023;7842.00;Office;Altus acerbitas consequatur trepide somniculosus provident vulgus vigor amplexus error.
PATRICIA SCHUSTER IV;2023-07-04;3665.61;Office;Verbum suadeo casus sufficio conatus anser.
Marcus Bayer;20/3/2023;1054.21;Food;Vorago spectaculum ater vester cicuta velit.
Clyde Feil;3-20-2023;2056.19;Travel;Aggero aegre adsidue avaritia talis deporto communis aeger.
Angelina Stehr IV;2023-03-01;9287.15; OFFICE ;Vulpes sed aequus umbra ducimus censura ustulo varius.
  chester reilly  ;11/10/2023;4631,02;Food;Valetudo nesciunt villa sollicito antea celer adipiscor cedo demonstro cupiditate.
MIRIAM KIHN;2023-06-02;3699.71;Health;mollitia demoror civis consectetur.
Ramon Cummings;2-28-2023;4440.42;Food;strenuus sublime advoco strues ventosus solio assumenda.
  Ruby Reichert  ;2023-07-18; 2630,43 ;FOOD;consuasor cattus summa tardus cribro approbo capillus.
Jasmine Larkin;26/10/2023;5731,87;Food;Fugiat adduco argumentum decretum earum vitium crux labore absconditus aurum.
luis stracke-raynor;21/2/2023; 3790.67 ;Other;Vitiosus demulceo adamo vallum supplanto super ait aegrotatio sordeo arcesso.
  Rodolfo Stanton  ;2023-06-19;8632.73;food;tum exercitationem appono spectaculum.
GILBERT MILLER;9-30-2023;1181,61;Health;VENIAM TENETUR DEMULCEO VITIOSUS TARDUS TERRITO CONSERVO.
Cathy Bernhard;2023-08-15;1894,07;Food;Annus alioqui beatus admoneo vinculum clarus voluptates decimus cariosus.
  DR. JOHANNA WILLIAMSON-TILLMAN  ;31/7/2023; 9310.42 ;Office;video pariatur surgo compello damno adeo bibo a commodo teres.
ronnie rice;24/4/2023;3666.90;Other;adamo adhuc annus aestus arx.
MISS LILLIAN BRAUN;23/9/2023;1781.61;Office;Defungo cognomen cado.
Marcus Legros;2023-11-28;4008.79;other;Adicio antepono currus praesentium bibo quos amicitia illum sordeo libero.
BOB BOYLE;2023-02-10; 1903.98 ;other;Textilis charisma spargo subiungo accedo uredo antiquus aegrus carus.
dr. elijah mills v;3/10/2023;4931.60;office; Stipes paulatim dignissimos turbo tubineus ancilla summa vicinus. 
Ronald Thompson;2023-09-15;6401.26;Health;CORPUS ELIGENDI DELECTATIO CORRIGO SPARGO CUM LABORUM VENIA CENTUM.
Maxine Feeney;11/11/2023;7356.18; Office ;CALAMITAS AEQUUS BLANDIOR VULGO.
MAY GRANT;2023-01-06; 9554.14 ;food;Casso aeger deduco canonicus caries amita dicta.
  Charlotte Watsica  ;7/12/2023;7124.81;Other;taceo sub vallum ago cras vitium tenax coruscus vociferor.
DR. WINSTON REILLY DVM;8-21-2023;1065.15;Health;ALIOQUI CONOR DELECTUS AMET CUM.
  HARRY GOTTLIEB  ;20/7/2023; 5391.25 ;other;Considero antepono armarium cursus paens.
RICHARD LEUSCHKE DVM;2023-12-05;1229.24;food; sumptus tempora congregatio victus expedita audax tunc antea campana. 
KRISTEN JONES;13/12/2023;9469,97;Other;Tamquam porro surculus iure aestus vicissitudo talio.
Henrietta Hintz;2/12/2023; 9834.86 ;Health;trado esse caecus occaecati tametsi vado vergo patrocinor curiositas.
Lewis Glover;5-17-2023;9511.56;office;Veritas depono tripudio utrimque tepesco sulum complectus cattus cena.
Lynne Runte;6/8/2023;9921.73;HEALTH;Soleo armarium spero cena abutor concido sustineo.
  Phillip Tremblay  ;2023-05-06;5269.36;HEALTH;Defessus coniecto cupiditas aggero ustulo deludo summisse carbo.
Carlos Witting;2023-08-18;9545.80;Food;TONDEO IPSAM CONTEGO TEMPTATIO.
Angel Huels;2023-12-12;5740,61;health;Anser vito adficio cognatus ascisco complectus ipsum thorax.
gary nicolas;11-11-2023;9392.83; Health ;Conatus demens centum facilis quisquam odit.
Erin Vandervort;21/7/2023;6639.41;FOOD;Adipisci quae appello viridis avaritia.
Jesus Littel-Gleason;2023-08-04;5471,58;other; demum pel depereo ater corrumpo venia cohors vere. 
sarah senger-bartoletti;4-25-2023;1083.99;Office;Curiositas decet soluta chirographum truculenter patior cattus.
Yvette Volkman;2-13-2023; 7256.56 ;Office;CLAUDEO TERES THESAURUS DENUNCIO PLACEAT AETERNUS ULLUS.
Nellie O'Keefe;21/11/2023; 2146,07 ;Food;Voluptatibus ante congregatio cultellus numquam strues accommodo rem reprehenderit.
Blanca Marks;2023-08-05;9078.99;travel;Viduo deserunt nostrum comparo valetudo sol.
  Lucas Bruen  ;5-24-2023;3676.75; Food ;Cimentarius vomer sodalitas acquiro cursim texo ratione creber antepono auctus.
Kathleen Waelchi;2023-07-03; 1798.41 ;Travel;aggredior antea curia molestiae temptatio demum cubitum vinco temptatio conicio.
Bethany Funk;28/4/2023;6636.85;Office;Arto annus video triumphus caries aperte.
Flora Kreiger;3-7-2023; 1708.04 ;Office;Auctor avaritia speculum cena caelum vesper vacuus creta.
Wilbert Herman;27/5/2023;5881.84;TRAVEL;Totam vitae vel maxime.
  Frank Mills  ;2023-02-06; 1287,27 ;Travel;VINCO COHORS AEGRUS ADFECTUS CURSUS TOTAM DEPEREO CARIES DELEO DEPEREO.
  marco dickinson  ;24/4/2023; 2093,53 ; Travel ;Corrupti laboriosam tenetur rem sumo angustus temperantia amicitia attonbitus delicate.
  Miss Christine Boyle  ;2023-08-04;9070.36;Food;Bene abeo cimentarius sperno vetus consuasor.
Alexandra Erdman;6-3-2023;6967.30; Office ;Demulceo numquam audax utor.
dr. ismael langosh-breitenberg ii;4/10/2023;2391.28;OFFICE;Substantia abduco desolo decet conscendo quidem tondeo summopere.
  Ruth Schumm  ;16/5/2023;586.74;FOOD;corporis tollo sequi illo carus.
Ruben Kunde I;12-6-2023;1436.19;Health;Blanditiis nisi vinitor approbo sustineo ancilla defessus curis.
  dexter wilderman  ;14/1/2023;3323,79;HEALTH; ut volubilis aurum alii corrigo templum. 
Percy Rau V;4-10-2023;4815.37;Food;Tempus eaque videlicet consequatur quo cervus sublime eveniet.
Eugene Murphy-Lindgren;7-20-2023;5354,87; food ;OCER SUSCIPIT SPOLIATIO AMARITUDO VOTUM CURSUS MINIMA CURRUS CURVO.
  Dr. Ruth Gutkowski II  ;3-30-2023;6489.74; OTHER ;Tenus celer itaque.
deanna rowe;2023-06-22;9124.09;OFFICE;Adaugeo acsi cum.
  nellie hagenes  ;7/3/2023; 5874.06 ; office ; CADO VARIUS TOTAM. 
Ross Veum;31/1/2023;5895,78;Other; Adstringo thorax damno. 
jack padberg;23/1/2023;4160.23;health;Viscus derelinquo aegrotatio.
Gayle Bechtelar;7-31-2023;8091.23;Travel;Universe vorago repudiandae amicitia crepusculum deputo.
  Blanca Wuckert  ;3-26-2023; 2006,07 ;Food;Astrum adduco sto dens voluptates dolores tollo sollers eius ultio.
MR. SHANE ZBONCAK;1-5-2023;4531.62;office;stips sophismata nobis.
ernesto reichel;5-31-2023; 7740.19 ;Office;Amaritudo admoveo utrum cinis cervus caveo cervus terreo.
Joan Schuster;1-26-2023; 5000.26 ;Health;Usque stultus crur.
Ian Donnelly;1-8-2023; 9554,95 ;Health;supplanto allatus celebrer pectus spiculum teres usitas voco.
  Connie Tillman  ;2023-03-20; 9189,13 ;other;Accendo animadverto cumque.
mrs. nicole zboncak;5/7/2023;7936.24;health;Tyrannus sit dens repudiandae sono audeo sto conduco.
  Cecil Wisoky  ;6/11/2023;906,74;Other;Ullam dedico animus quasi calco.
  LUCILLE FAY SR.  ;12-20-2023; 267.17 ; Other ;Auctus pel aestas communis deleniti verumtamen virgo.
GERARDO CARTWRIGHT;21/7/2023; 3547.36 ;Other; AETAS TABESCO DECIPIO CIMENTARIUS COGITO TUBINEUS. 
  Arturo McLaughlin  ;16/3/2023; 7701,20 ;Office; Aegrotatio taceo labore vergo calcar. 
  Lillian Balistreri  ;6/4/2023;8347.41;Health;Conventus molestiae verecundia sollers creta tribuo quia ulterius viridis verbum.
Nick Bartoletti;23/4/2023;4979,73;Food;Aegrotatio ventito cupressus despecto aliqua optio bene tremo ustilo curis.
Rachel Torp;7-31-2023;5427,77;HEALTH;Cunabula ter valde carmen solum sordeo cometes terebro.
Kirk Bartell;3-24-2023;3751,13;Travel;AUTEM CAUTE TALIO COMITATUS CASUS.
  Ms. Maryann Pagac  ;2023-10-09;398.94;Travel;Sui tristis audeo termes perferendis aggredior creta.
Edith Cummings;26/7/2023;8371.04;Health; Administratio suadeo atrox charisma vesper. 
Lloyd Mayer;2023-12-02;605.45;other;armarium vigilo stella fugiat possimus.
MARIE CORKERY;2023-10-01;4805.98; Office ;paulatim viriliter sumptus absorbeo timidus.
Andrea Blick;2-3-2023;860.08;office;attonbitus ratione comedo conqueror dolores articulus una praesentium talus.
  Jorge Haley  ;2023-04-11;2949.99; Other ;Adeptio enim sperno strenuus truculenter aggero molestias cunae.
Alfonso Murazik;2023-08-03;5461,71;health; Cena velit cohors verumtamen iure error sursum recusandae. 
JESSICA REILLY;2023-03-25;9751.52;FOOD;Delego harum tyrannus cupressus artificiose agnitio dolorem.
Wilma Schaefer;10/8/2023;6467.62;Travel; Tredecim custodia nihil. 
LILLIAN BREITENBERG;2023-06-24;2362.44; Travel ;Demo caute voluptatem denuncio nam curia aufero thalassinus.
ELLIS CORWIN;12/7/2023;9090.74; Food ;speculum undique ascit constans turbo alius repellat basium cur possimus.
June Haag;5-3-2023;2950.71;Travel;Uberrime concedo ciminatio.
Geneva Daugherty;2023-07-02; 7704,02 ;Other; Placeat crepusculum eum tui. 
Mr. Christopher Luettgen;12-29-2023;7998.08;Food;placeat creber astrum abscido.
Sharon Wehner;1-14-2023;2135.60;office;Acsi vir tepidus.
Dr. William Hartmann;2023-01-14;6738.40; Office ;AMICULUM VOLUPTATUM PAENS AETERNUS VOLUTABRUM NIHIL AUXILIUM AUDEO ATROX.
  paula larson  ;9-30-2023;8216,49;Travel;ipsum adiuvo amoveo cavus correptius subvenio depereo vinum.
KATE WINDLER;7-17-2023; 8960,93 ;food;cupressus placeat totidem bibo uter rerum sursum vitium beatus bibo.
Marcia Cassin;8/5/2023;4167.37; Office ;Voco minima antepono verto statim.
Jerry Corkery;2/5/2023;6624.94; Other ;Terminatio eveniet velit laboriosam coadunatio clam utpote aperiam aureus.
Dorothy Dare;7-2-2023; 1387.73 ;Health;Quibusdam tenetur fuga.
  Marjorie Greenholt  ;2023-12-06;6030,35; Food ;Utroque deripio vinculum.
Mamie Batz;7-3-2023;4637.49;office;Cervus vis exercitationem talus peior vae assumenda soluta beatus.
LOUIS DIETRICH;20/11/2023;1280.59;Other;Perferendis molestias cupressus testimonium aiunt clam adipiscor tertius somniculosus.
  Mr. Johnny Hahn  ;2023-11-24;721.53; Travel ;Coniuratio esse trepide vulgivagus combibo.
Hilda Green;12-29-2023;8271.69;health;VENTITO VIX SOPOR.
  Irvin Heller  ;2023-08-17;3996.94; Travel ; Atrox repellat timor deleniti contego deputo abbas vorax demoror. 
Bernard Senger;4-16-2023;542,60;Travel;BASIUM CURA CENTUM.
Justin Prosacco;2023-02-21; 4888,85 ;travel;VOMER QUAM APERIAM STRUES ALIQUA TERGO ABSCONDITUS.
KAREN RICE V;22/11/2023;2099,51;office;una vetus consequuntur soluta.
Ms. Lucia Fay;2023-12-12;9992.13;Other;Strenuus cogito careo hic constans bibo omnis caterva fugiat depereo.
Mamie Mosciski III;22/2/2023; 3620.65 ;Office;Defaeco assentator arceo vicinus.
Cory Howell;11-26-2023;900.30;Travel; Tredecim adinventitias omnis suscipio temeritas depromo crebro copia tendo capillus. 
MARIA BEAHAN;2023-04-07;3904.71;Other;AGNOSCO DERIPIO COMMODO ARO CASUS VIDUO CASSO MINIMA TEXTOR UNIVERSE.
Dr. Jonathon Greenholt;3-16-2023;5213.77;Other;Curo somnus stillicidium commemoro tenuis.
Jeffrey Robel;6/5/2023;8970.01;food;Deprimo repudiandae aiunt paens brevis defungo pariatur.
Carolyn Larkin;1-24-2023;9304.81;Other;Amissio dolorum canto.
clyde powlowski;2023-05-02;4435.14; Health ; considero crudelis bardus cerno deputo studio ultra. 
Virgil Feil;2023-08-21;456.37;travel;Conatus minima subseco caelestis arto conatus conor delinquo.
LAURIE SATTERFIELD;1/11/2023; 1608.40 ;OFFICE;Balbus tabgo cognomen harum.
Dennis Daugherty;27/7/2023; 3456.05 ;Other;Aut conduco victoria.
CONSTANCE METZ;2023-04-08;9502.84; Food ;ADULESCENS DEPUTO THEOLOGUS PLACEAT.
  Sheila Emmerich  ;19/8/2023; 6253.56 ;Other;Adeptio testimonium tergum.
Wilson Wolf;9/4/2023;7411.10; travel ;Ultio tabgo aptus.
Clayton Thompson;2023-05-11;3461,16; Health ;Tabella ciminatio vita sumo.
  Cameron Trantow I  ;8/1/2023; 5880,39 ;Other;Adulatio uterque iure assumenda terebro cubicularis uterque cado testimonium sublime.
alexander rutherford;9-26-2023;3227,91;health; infit delinquo blandior velit crepusculum thymum. 
Lloyd Kozey I;25/1/2023;3324.94;Food;Tametsi tutamen abbas avaritia admitto accusantium stella.
  katie conn  ;9-18-2023; 4323.50 ;Health;Eveniet quo adduco sto.
  MARLON KOCH  ;2023-03-24;4643,90;Travel; dolore dolores summisse. 
Emma O'Hara;6-21-2023;814.79;office;absum caecus deserunt accendo adversus bellum mollitia quam mollitia.
Armando DuBuque;4-16-2023;244.66;Food;Necessitatibus tamdiu coepi blandior tamisium acquiro contigo suus.
ROBYN GUTKOWSKI;2023-07-14; 2279,27 ;food;Centum trucido officiis quos modi vesica.
Dr. Nina Paucek;2023-01-27;2343.00;FOOD;Theatrum thesaurus degero adulescens socius canto.
  Marlon Beatty  ;4-3-2023; 1915.78 ; Travel ;ABBAS APTUS UXOR VALEO CURIOSITAS DEFLEO TEMPORA TEMPTATIO DEORSUM.
Steven Stokes-Effertz I;17/5/2023; 5405.55 ;Food;Argumentum curo ceno comedo sint administratio candidus.
Jon Ondricka;2023-07-11;9990.62;travel;Cubicularis surgo contabesco animi varius addo.
felipe stamm;25/6/2023; 5662.45 ;travel;Contego dens adsuesco creptio adamo vulariter sperno surgo.
CECILIA GOLDNER;2023-09-21;8776,49;Office;Sit arca carcer unus uter magni nihil.
cody hettinger;5-1-2023;6403.31;other;cognomen versus utrimque angelus maiores tamisium.
TAYLOR ROBERTS;15/5/2023;9404.87;Food;Comminor adstringo facere clementia attonbitus.
Percy Dicki;8-27-2023; 670.83 ;Food;ulterius aperte vel coadunatio tibi curiositas ocer a.
  Nathaniel Waters  ;11-6-2023;3463.57;Food;Deprecator vobis cariosus temporibus adhuc ducimus spiritus consectetur totam tamen.
  Nicholas Daniel  ;2023-07-07; 2755.69 ;Office;Terror aliqua viscus cernuus torrens adsidue conventus.
Clyde Turner;12-21-2023;4716.60;Health; Adfero amaritudo carus crebro deprimo ab. 
  clarence osinski  ;4-9-2023;8169.19;Office;FUGIT NATUS COMEDO VILICUS CARIES TRIDUANA ARANEA.
brian nader;12-1-2023; 9475.02 ; office ;Quas demonstro charisma terreo quaerat ago.
Horace Okuneva;10-10-2023;5591.00;Health;Suscipit ratione agnosco cubo consuasor decretum.
Ms. Lora Weimann;2023-10-04;316,78;office;basium patior vel censura tibi delibero congregatio custodia decet.
Vicky Flatley;2023-11-03;7228,75;Food;Vir provident enim.
nelson ebert;8/10/2023;1937.02;OFFICE;Cursus vitiosus solvo pecco harum adstringo aggero vel sono.
  Frances Hegmann  ;2023-08-14;4492,87;Travel; A tepidus credo aureus anser. 
Miss Suzanne King;2-18-2023;4889,36;Travel;Teneo adiuvo adeptio aro summa.
Darin Grimes;4-3-2023; 4551.08 ;Food;CONIURATIO LAUDANTIUM CIBUS ASTRUM VENIA SPES ADMIRATIO ERROR.
Elena Runolfsson;2023-12-24; 9950.15 ;food;occaecati acquiro vix terebro concido.
  Margie Collier  ;6-11-2023; 1550.27 ;Other;tergo vigor texo absconditus.
Bernice Gleichner;19/9/2023;596.06; Health ;NOBIS DENUNCIO UTERQUE TALUS.
Leslie Jacobson-Schaefer;2-24-2023; 6673.79 ;OTHER;Textus vomer acceptus auctus demoror.
EARNEST DONNELLY;4-4-2023;286.33;Office;Admiratio atrocitas combibo verus averto accusamus soleo crustulum.
  Bradley Heller  ;5-31-2023;1155.58;Travel;ceno curo itaque comedo timidus demoror coma.
levi howell;20/4/2023;3619.88;Health; Aeger tabella conor voluptatem triduana. 
Pauline Gulgowski DVM;4-20-2023;766,09;health;Thesis cunctatio turpis perferendis nesciunt fugit cedo cena.
Betsy Towne;2-14-2023;4071,32;travel;INFIT CRAPULA COMPLECTUS PECCO INCIDUNT.
mr. laurence klein;2023-12-04;877.99;TRAVEL;Culpo canonicus tui sopor tonsor suus tabella.
dr. archie feil;7-21-2023;5380.51;Health;Somniculosus testimonium vacuus arma vis pecto.
RAUL GORCZANY JR.;5-14-2023;9073,81;other;RATIONE SPONTE TEGO ADEMPTIO CUI CINIS AUDITOR USTILO.
  Victor Rutherford V  ;1-18-2023;3334.90;travel;summa inflammatio cornu ullus vaco tondeo testimonium timor.
martin morissette;2023-02-28;6283.06;Office;Summisse triduana tenetur vulgivagus bestia vergo debitis sustineo campana villa.
Kerry Swift;9/4/2023;1983,67; health ;VISCUS FACERE SUMMOPERE CREATOR TENER AUDEO IPSAM VENTITO ASTRUM DEPORTO.
Jan King;24/5/2023;2238.76;office;Adstringo vulgivagus appello inflammatio.
Dr. Scott Kub V;3-8-2023;3770.24; Office ;Uterque abbas acies distinctio.
salvador osinski;2023-03-13;3850.72;Food; Turba amoveo collum apud vix tyrannus corona. 
Miss Sonya Fritsch PhD;10-2-2023;2169,13; Food ; Cresco cresco cursim ducimus cattus copia debeo consequuntur talio. 
  Marguerite Wisozk  ;5-8-2023;883,62; HEALTH ;Denique aliquid torrens conscendo.
Otis Gerlach;11-10-2023;7093.80; OFFICE ;Amplitudo illum copia nobis ex substantia cur atque addo denuncio.
Rosalie Olson;2023-12-07;390,03; Travel ;VOMITO TERTIUS VOMICA EXERCITATIONEM DEMO DEFUNGO VOLUTABRUM CARITAS.
Karla Green;10-21-2023;3265,30;Other;AUTUS ULCISCOR AUDITOR DESOLO SUFFOCO CULTURA EIUS SPERO.
Krystal Huels-Koepp III;23/11/2023;8590,95;Food;Curriculum nemo aequitas.
  Gerardo Dooley  ;1-28-2023;7292.44;OTHER;Video cubo bestia adaugeo.
bill thiel;9/9/2023;4598.95;OFFICE;TOT SOMNUS TOLLO ARX VINDICO CONCIDO.
  GREGORY GRIMES  ;21/2/2023;6289.93;OFFICE;CONSUASOR DEMOROR AUCTOR AIUNT ABSORBEO.
Jean Dietrich;8/4/2023;9616.24;Health;Apparatus color audax arca.
JOEY MOHR;12-30-2023;1495.03;Office;Undique saepe debeo abeo cogito corroboro expedita callide.
MS. SONIA BAUMBACH;27/3/2023; 31.60 ; Health ;Chirographum comis aestivus utrimque tunc voco combibo villa.
cecil hirthe dds;4/4/2023;5006.59;TRAVEL;Arma vulariter accusamus talus.
  gene funk  ;2023-06-05;328.51; Office ;INCIDUNT VICINUS ANTEPONO FUGIAT USTULO MAIORES.
  Arlene Weissnat  ;10/11/2023;335,24;food;Spectaculum caries argentum deporto somnus.
Dr. Angelo Sawayn;20/6/2023; 7044,51 ;Other;Capillus molestias iste arca conduco conscendo villa.
  Lorena Larkin  ;2023-11-16;3876,14;food;UTRUM TEMERITAS DERELINQUO NECESSITATIBUS DEFETISCOR DEFESSUS VENTITO CETERA ABUNDANS.
juana will;18/10/2023;4165.28;OTHER;Voluptatum caelum clementia.
Flora Cummings;2023-03-26;7222.79;Food;Congregatio assumenda pauper cognatus molestiae balbus.
Dr. Sam Watsica;9-4-2023;6396.86;Food;TERGIVERSATIO TEXTOR AUTUS AUDAX CILICIUM CALCO CURSIM QUOD VERECUNDIA CENSURA.
tyrone brown;2023-10-06;402.90;OTHER; Suggero desparatus delego contigo causa umbra. 
  Jacqueline Schulist  ;17/7/2023; 5252.48 ;office;DEFICIO VOTUM CARIOSUS TAMQUAM.
Garrett Howe;2023-11-16;6452.76;health;alveus vilicus abstergo terminatio.
Caleb Stokes;2023-10-16;8467.19;office;Consuasor aurum arto.
cory zemlak;11/3/2023;2468,95; TRAVEL ; TERRITO CLAUSTRUM AB COLO ADVENIO CURA. 
Dolores Langworth;2023-07-11;3835.14;Travel;talis numquam verus doloribus abbas demonstro.
erika auer;2023-08-03;4163.52;TRAVEL;patior tracto alii desolo annus comparo clam cribro casus.
Barry Streich;2023-08-28;8003.86; Health ;uberrime coerceo addo expedita abutor placeat.
Ms. Jackie Mayert;16/7/2023;5979.42;Health;demum occaecati colo architecto amplexus deleo.
Leona Lebsack;10-16-2023;6850.17;Food;Natus minus tui cito cunae baiulus tero defero ager peccatus.
robyn bashirian;10-15-2023;3258.17;Office; Calcar thesaurus viscus. 
  Jeffery Keebler  ;10/6/2023; 8933.86 ; Food ;Avaritia spero audio demoror.
Dennis Weimann;2/12/2023;7235.48; Travel ;STIPS VOLUPTATE APPROBO VIX TEPESCO COMA VEHEMENS AMBITUS.
  alyssa satterfield  ;2023-12-27;7399,05;Office;DEINDE CONCEDO VULGO IUSTO REPUDIANDAE DEINDE DEGUSTO.
Dr. Jean D'Amore;2023-05-31;4708,90; Office ;thema adulatio illum sollers eligendi facilis vigor aggero acervus denuo.
Morris Ortiz;11/6/2023;2881.42; Travel ; praesentium eveniet alius ciminatio recusandae culpa comedo adimpleo tracto. 
Dr. Dan Stoltenberg;12/5/2023;9100.72;health; Officiis modi congregatio incidunt vehemens cogito celer. 
dr. rickey sauer;13/4/2023;7625.59;Travel;Cornu audacia temeritas thymbra alter vociferor caste contego terror.
Vanessa Kirlin;2023-12-08;3342.02;FOOD;Via advoco porro cornu vos.
  Ann Fadel  ;2-14-2023;6926.90;Travel; antepono ea sodalitas earum aegre commodo decor agnosco. 
Norma Lesch;7-6-2023;9310.80; Food ;Substantia attero vulnero.
  Ira Kilback  ;29/10/2023;2300.27; Travel ;Odio acsi cura vulticulus.
  Josefina Kerluke  ;16/3/2023;3351.68;Food;cresco carpo sursum undique patria ducimus capio amet defetiscor tepidus.
  santiago cruickshank  ;10-6-2023; 9789,37 ;HEALTH;Angustus varius dedecor terga volup tergeo perspiciatis demitto.
Dave Volkman;18/8/2023;8294,40;Travel;verecundia natus aeneus ante adamo defleo culpa.
Mercedes Heller;20/10/2023;268,30;Travel;Valeo teneo amitto tendo explicabo corroboro.
  Ada White  ;27/1/2023;3825,47;Food; Bene quaerat similique ancilla cibo urbanus suffragium celebrer asper. 
Lula Daniel;2023-09-26;4403.65;Health;Cohibeo consequuntur vetus cupressus crepusculum facilis repellendus delego.
Mr. Jerry Hilpert;14/6/2023;4529.86;Food; sumo terra amaritudo. 
Paul Schroeder;14/9/2023;9183.50;Office; Conforto argumentum repellat sulum. 
MISS KRISTA TERRY;26/3/2023;8444.08; Travel ;deludo trucido aufero depromo thymum alter civitas.
Caroline Waelchi;19/4/2023;8945.92;Health;Causa adulatio deinde tumultus cometes blanditiis.
Edna Homenick;25/12/2023; 6495,76 ;Health;Suus carbo conspergo tolero cresco suffoco cado.
Celia Goodwin;7/11/2023; 8347.83 ;Food;Coadunatio tricesimus terra crinis cupio bene.
Charlie Schneider;17/4/2023;359,32;Office; Terreo tactus curvo. 
  Sammy Russel-Corkery  ;5-24-2023;8840.66;Health;EUM CERVUS VOLUPTATE IUSTO REICIENDIS SOLITUDO ACCENDO COMMODI.
Tasha Shanahan;10-15-2023;3143,84; FOOD ;Rerum angulus tremo coniecto ulciscor amita.
  Jane Barrows MD  ;10/11/2023;3749,61;office;Textilis via uxor barba valde via nesciunt terror absum animi.
Lucille Stiedemann;11-15-2023;7619.88;Food; Censura socius cupio aeger bestia coma culpo. 
  Peter Gottlieb  ;8-31-2023;1983.35;TRAVEL;Utilis certus derelinquo terreo termes trans aptus aspernatur territo.
Spencer O'Kon;2023-06-09;3733.42;Other;Collum eligendi vulgivagus tracto tenetur quasi vetus viriliter ustulo subiungo.
grace mcglynn;4/9/2023;8978.53; OFFICE ;ATTOLLO QUISQUAM TERGIVERSATIO CONTRA CITO ADVENIO.
  viola keebler  ;11/2/2023; 961.61 ; FOOD ;Tergeo velit thymbra ipsa vulpes abundans.
  Ronnie Daugherty  ;12-20-2023;4341.41;Health;cur alii callide velut.
Ellis Murphy I;1-24-2023;7272.00;Office;articulus sollers praesentium congregatio.
Laura Hartmann Jr.;17/4/2023;2177.78;OFFICE;utor apto tergiversatio denego verumtamen pariatur basium ascit sumo.
Brooke O'Keefe;2023-03-03;1603,18;office; Cultura derideo ventito. 
Olga Batz;11-10-2023;4586.07;Health;Crepusculum totam triumphus charisma tabgo adeptio ambitus thesis dolorem tergum.
fredrick beer;2023-01-01;3307.72;Office;Rem vespillo tabernus suspendo tonsor tamdiu demoror defungo architecto.
Eugene Thiel;9-24-2023;3755,69;Food;Correptius auctus coerceo officiis audacia vulnero apostolus.
philip kirlin;10-12-2023;955,15;Office; sunt circumvenio vivo arcesso. 
Arnold Cronin;20/7/2023; 4727,11 ;food;Laborum benevolentia ab.
jack bayer;2023-11-25; 5131,29 ;Travel;thema voluptates audacia quam sollicito rerum defetiscor appono.
Laura Block Jr.;2023-12-01;9899.26;Other; Ventosus iure deduco aspernatur acsi aperiam adsuesco video utroque esse. 
lowell satterfield;2023-06-24;461.70;Other;ADOPTO CARPO SUSPENDO OMNIS.
Spencer Lebsack;26/1/2023;6086.85;Travel;adsum caelum degusto cado.
Lowell Gerhold;2023-08-25;6589,78;Office;placeat defetiscor averto taceo tollo tres.
Ismael Farrell;2023-05-07;9933,62;Food;Administratio sint sponte.
Tamara Botsford;4-8-2023;2299.86;FOOD;Sollers supplanto deludo aestivus explicabo caritas carpo concedo volaticus adduco.
  SUZANNE CASPER  ;2023-02-23;7871,96;Travel;placeat voluptatem ventosus astrum.
johnathan emard;21/5/2023;8439.96;Health;abeo atque cumque vis spiculum cruciamentum atrocitas.
Dr. Everett O'Conner;2/9/2023; 3317,13 ;travel;Reprehenderit aer vociferor vorax usus.
  Nettie Fahey  ;10/10/2023;3631,79; other ;Sit ab saepe est molestias sequi aetas.
  LAUREN TOWNE  ;11-25-2023;5552.75; health ;EXPEDITA CUM CRASTINUS CEDO DOLORE TENAX COLLUM.
Rochelle Hahn Sr.;21/7/2023;282.66; FOOD ; DEPULSO COGITO CEDO AIUNT UREDO. 
Eunice Wuckert;3-9-2023;7344.63;OTHER;SOMNUS INCIDUNT EXCEPTURI TEMPORA.
LLOYD DICKENS;2023-03-30;4123.66;Health;Dolorem tabella tibi antepono talio cernuus mollitia.
Alexander Fahey DVM;25/11/2023; 674,28 ;food; Conculco deporto ratione velut amitto. 
Jesse Hammes;2023-02-22;8304.20;food;Degusto supplanto claustrum.
Blanca Moore;1-15-2023;3760.67;Food;Trans depono vir verecundia abutor fugiat crur adulescens earum aliqua.
Lewis Carroll;2023-10-11;7617,60;Office; TEMPTATIO TERO VULGARIS. 
  dr. francis mosciski  ;3/2/2023; 1218,89 ;Office; Sursum at animadverto mollitia decor caput antea sophismata benigne. 